CARRIER,RAW_TAIL,TAIL_NUMBER
AA,N200A1,N200AA
AA,N201A1,N201AA
AA,N202A1,N202AA
AA,N203A1,N203AA
AA,N205A1,N205AA
AA,N208A1,N208AA
AA,N210A1,N210AA
AA,N214A1,N214AA
AA,N218A1,N218AA
AA,N219A1,N219AA
AA,N221A1,N221AA
AA,N223A1,N223AA
AA,N224A1,N224AA
AA,N225A1,N225AA
AA,N226A1,N226AA
AA,N227A1,N227AA
AA,N228A1,N228AA
AA,N232A1,N232AA
AA,N233A1,N233AA
AA,N236A1,N236AA
AA,N237A1,N237AA
AA,N241A1,N241AA
AA,N242A1,N242AA
AA,N244A1,N244AA
AA,N245A1,N245AA
AA,N246A1,N246AA
AA,N248A1,N248AA
AA,N249A1,N249AA
AA,N251A1,N251AA
AA,N253A1,N253AA
AA,N255A1,N255AA
AA,N258A1,N258AA
AA,N259A1,N259AA
AA,N262A1,N262AA
AA,N266A1,N266AA
AA,N269A1,N269AA
AA,N271A1,N271AA
AA,N274A1,N274AA
AA,N276A1,N276AA
AA,N278A1,N278AA
AA,N283A1,N283AA
AA,N285A1,N285AA
AA,N286A1,N286AA
AA,N287A1,N287AA
AA,N288A1,N288AA
AA,N289A1,N289AA
AA,N290A1,N290AA
AA,N291A1,N291AA
AA,N292A1,N292AA
AA,N293A1,N293AA
AA,N294A1,N294AA
AA,N295A1,N295AA
AA,N296A1,N296AA
AA,N297A1,N297AA
AA,N298A1,N298AA
AA,N302A1,N302AA
AA,N303A1,N303AA
AA,N304A1,N304AA
AA,N305A1,N305AA
AA,N306A1,N306AA
AA,N307A1,N307AA
AA,N308A1,N308AA
AA,N312A1,N312AA
AA,N313A1,N313AA
AA,N315A1,N315AA
AA,N316A1,N316AA
AA,N317A1,N317AA
AA,N319A1,N319AA
AA,N320A1,N320AA
AA,N321A1,N321AA
AA,N323A1,N323AA
AA,N324A1,N324AA
AA,N325A1,N325AA
AA,N327A1,N327AA
AA,N328A1,N328AA
AA,N329A1,N329AA
AA,N330A1,N330AA
AA,N334A1,N334AA
AA,N335A1,N335AA
AA,N336A1,N336AA
AA,N338A1,N338AA
AA,N339A1,N339AA
AA,N353A1,N353AA
AA,N354A1,N354AA
AA,N355A1,N355AA
AA,N356A1,N356AA
AA,N358A1,N358AA
AA,N359A1,N359AA
AA,N360A1,N360AA
AA,N361A1,N361AA
AA,N362A1,N362AA
AA,N363A1,N363AA
AA,N364A1,N364AA
AA,N366A1,N366AA
AA,N367A1,N367AA
AA,N375A1,N375AA
AA,N376A1,N376AA
AA,N377A1,N377AA
AA,N378A1,N378AA
AA,N380A1,N380AA
AA,N381A1,N381AA
AA,N383A1,N383AA
AA,N385A1,N385AA
AA,N388A1,N388AA
AA,N389A1,N389AA
AA,N390A1,N390AA
AA,N397A1,N397AA
AA,N399A1,N399AA
AA,N400A1,N400AA
AA,N401A1,N401AA
AA,N402A1,N402AA
AA,N404A1,N404AA
AA,N405A1,N405AA
AA,N406A1,N406AA
AA,N407A1,N407AA
AA,N408A1,N408AA
AA,N409A1,N409AA
AA,N410A1,N410AA
AA,N411A1,N411AA
AA,N412A1,N412AA
AA,N413A1,N413AA
AA,N414A1,N414AA
AA,N415A1,N415AA
AA,N416A1,N416AA
AA,N417A1,N417AA
AA,N418A1,N418AA
AA,N419A1,N419AA
AA,N420A1,N420AA
AA,N421A1,N421AA
AA,N423A1,N423AA
AA,N424A1,N424AA
AA,N425A1,N425AA
AA,N426A1,N426AA
AA,N427A1,N427AA
AA,N428A1,N428AA
AA,N429A1,N429AA
AA,N430A1,N430AA
AA,N431A1,N431AA
AA,N432A1,N432AA
AA,N433A1,N433AA
AA,N434A1,N434AA
AA,N435A1,N435AA
AA,N436A1,N436AA
AA,N438A1,N438AA
AA,N439A1,N439AA
AA,N440A1,N440AA
AA,N441A1,N441AA
AA,N442A1,N442AA
AA,N443A1,N443AA
AA,N444A1,N444AA
AA,N445A1,N445AA
AA,N446A1,N446AA
AA,N447A1,N447AA
AA,N448A1,N448AA
AA,N449A1,N449AA
AA,N450A1,N450AA
AA,N451A1,N451AA
AA,N452A1,N452AA
AA,N453A1,N453AA
AA,N454A1,N454AA
AA,N455A1,N455AA
AA,N456A1,N456AA
AA,N457A1,N457AA
AA,N458A1,N458AA
AA,N459A1,N459AA
AA,N460A1,N460AA
AA,N461A1,N461AA
AA,N463A1,N463AA
AA,N464A1,N464AA
AA,N465A1,N465AA
AA,N466A1,N466AA
AA,N467A1,N467AA
AA,N468A1,N468AA
AA,N469A1,N469AA
AA,N470A1,N470AA
AA,N471A1,N471AA
AA,N472A1,N472AA
AA,N473A1,N473AA
AA,N474A1,N474AA
AA,N475A1,N475AA
AA,N476A1,N476AA
AA,N477A1,N477AA
AA,N478A1,N478AA
AA,N479A1,N479AA
AA,N480A1,N480AA
AA,N481A1,N481AA
AA,N482A1,N482AA
AA,N484A1,N484AA
AA,N485A1,N485AA
AA,N486A1,N486AA
AA,N487A1,N487AA
AA,N488A1,N488AA
AA,N489A1,N489AA
AA,N490A1,N490AA
AA,N491A1,N491AA
AA,N492A1,N492AA
AA,N493A1,N493AA
AA,N495A1,N495AA
AA,N496A1,N496AA
AA,N497A1,N497AA
AA,N498A1,N498AA
AA,N499A1,N499AA
AA,N501A1,N501AA
AA,N502A1,N502AA
AA,N503A1,N503AA
AA,N504A1,N504AA
AA,N505A1,N505AA
AA,N506A1,N506AA
AA,N507A1,N507AA
AA,N508A1,N508AA
AA,N509A1,N509AA
AA,N510A1,N510AA
AA,N511A1,N511AA
AA,N513A1,N513AA
AA,N514A1,N514AA
AA,N516A1,N516AA
AA,N517A1,N517AA
AA,N518A1,N518AA
AA,N521A1,N521AA
AA,N523A1,N523AA
AA,N524A1,N524AA
AA,N525A1,N525AA
AA,N526A1,N526AA
AA,N527A1,N527AA
AA,N528A1,N528AA
AA,N529A1,N529AA
AA,N530A1,N530AA
AA,N532A1,N532AA
AA,N533A1,N533AA
AA,N535A1,N535AA
AA,N537A1,N537AA
AA,N538A1,N538AA
AA,N539A1,N539AA
AA,N540A1,N540AA
AA,N541A1,N541AA
AA,N542A1,N542AA
AA,N544A1,N544AA
AA,N545A1,N545AA
AA,N546A1,N546AA
AA,N547A1,N547AA
AA,N548A1,N548AA
AA,N549A1,N549AA
AA,N550A1,N550AA
AA,N551A1,N551AA
AA,N552A1,N552AA
AA,N553A1,N553AA
AA,N554A1,N554AA
AA,N556A1,N556AA
AA,N557A1,N557AA
AA,N558A1,N558AA
AA,N559A1,N559AA
AA,N560A1,N560AA
AA,N561A1,N561AA
AA,N562A1,N562AA
AA,N563A1,N563AA
AA,N564A1,N564AA
AA,N565A1,N565AA
AA,N566A1,N566AA
AA,N567A1,N567AA
AA,N568A1,N568AA
AA,N569A1,N569AA
AA,N570A1,N570AA
AA,N571A1,N571AA
AA,N572A1,N572AA
AA,N573A1,N573AA
AA,N574A1,N574AA
AA,N575A1,N575AA
AA,N576A1,N576AA
AA,N577A1,N577AA
AA,N578A1,N578AA
AA,N579A1,N579AA
AA,N580A1,N580AA
AA,N581A1,N581AA
AA,N582A1,N582AA
AA,N583A1,N583AA
AA,N584A1,N584AA
AA,N585A1,N585AA
AA,N586A1,N586AA
AA,N587A1,N587AA
AA,N588A1,N588AA
AA,N589A1,N589AA
AA,N590A1,N590AA
AA,N591A1,N591AA
AA,N592A1,N592AA
AA,N593A1,N593AA
AA,N594A1,N594AA
AA,N595A1,N595AA
AA,N596A1,N596AA
AA,N597A1,N597AA
AA,N598A1,N598AA
AA,N599A1,N599AA
AA,N610A1,N610AA
AA,N611A1,N611AA
AA,N612A1,N612AA
AA,N614A1,N614AA
AA,N616A1,N616AA
AA,N617A1,N617AA
AA,N618A1,N618AA
AA,N619A1,N619AA
AA,N620A1,N620AA
AA,N621A1,N621AA
AA,N622A1,N622AA
AA,N623A1,N623AA
AA,N624A1,N624AA
AA,N625A1,N625AA
AA,N626A1,N626AA
AA,N627A1,N627AA
AA,N628A1,N628AA
AA,N629A1,N629AA
AA,N630A1,N630AA
AA,N631A1,N631AA
AA,N632A1,N632AA
AA,N633A1,N633AA
AA,N634A1,N634AA
AA,N635A1,N635AA
AA,N636A1,N636AA
AA,N637A1,N637AA
AA,N638A1,N638AA
AA,N639A1,N639AA
AA,N641A1,N641AA
AA,N642A1,N642AA
AA,N643A1,N643AA
AA,N716A1,N716AA
AA,N717A1,N717AA
AA,N718A1,N718AA
AA,N719A1,N719AA
AA,N720A1,N720AA
AA,N721A1,N721AA
AA,N722A1,N722AA
AA,N723A1,N723AA
AA,N725A1,N725AA
AA,N726A1,N726AA
AA,N727A1,N727AA
AA,N728A1,N728AA
AA,N729A1,N729AA
AA,N730A1,N730AA
AA,N731A1,N731AA
AA,N843A1,N843AA
AA,N848A1,N848AA
AA,N849A1,N849AA
AA,N859A1,N859AA
AA,N860A1,N860AA
AA,N861A1,N861AA
AA,N862A1,N862AA
AA,N863A1,N863AA
AA,N865A1,N865AA
AA,N866A1,N866AA
AA,N867A1,N867AA
AA,N868A1,N868AA
AA,N869A1,N869AA
AA,N870A1,N870AA
AA,N871A1,N871AA
AA,N872A1,N872AA
AA,N873A1,N873AA
AA,N874A1,N874AA
AA,N875A1,N875AA
AA,N877A1,N877AA
AA,N878A1,N878AA
AA,N879A1,N879AA
AA,N880A1,N880AA
AA,N881A1,N881AA
AA,N882A1,N882AA
AA,N883A1,N883AA
AA,N884A1,N884AA
AA,N885A1,N885AA
AA,N886A1,N886AA
AA,N887A1,N887AA
AA,N889A1,N889AA
AA,N890A1,N890AA
AA,N891A1,N891AA
AA,N892A1,N892AA
AA,N893A1,N893AA
AA,N894A1,N894AA
AS,N303Aâ,N303AS
AS,N305Aâ,N305AS
AS,N306Aâ,N306AS
AS,N307Aâ,N307AS
AS,N309Aâ,N309AS
AS,N607Aâ,N607AS
AS,N609Aâ,N609AS
AS,N611Aâ,N611AS
AS,N612Aâ,N612AS
AS,N613Aâ,N613AS
AS,N614Aâ,N614AS
AS,N615Aâ,N615AS
AS,N617Aâ,N617AS
AS,N618Aâ,N618AS
AS,N619Aâ,N619AS
AS,N622Aâ,N622AS
AS,N623Aâ,N623AS
AS,N624Aâ,N624AS
AS,N625Aâ,N625AS
AS,N626Aâ,N626AS
AS,N627Aâ,N627AS
AS,N703Aâ,N703AS
AS,N705Aâ,N705AS
AS,N706Aâ,N706AS
AS,N708Aâ,N708AS
AS,N709Aâ,N709AS
AS,N713Aâ,N713AS
AS,N730Aâ,N730AS
AS,N740Aâ,N740AS
AS,N741Aâ,N741AS
AS,N742Aâ,N742AS
AS,N744Aâ,N744AS
AS,N745Aâ,N745AS
AS,N746Aâ,N746AS
AS,N747Aâ,N747AS
AS,N754Aâ,N754AS
AS,N755Aâ,N755AS
AS,N760Aâ,N760AS
AS,N762Aâ,N762AS
AS,N763Aâ,N763AS
AS,N764Aâ,N764AS
AS,N767Aâ,N767AS
AS,N768Aâ,N768AS
AS,N769Aâ,N769AS
AS,N771Aâ,N771AS
AS,N773Aâ,N773AS
AS,N774Aâ,N774AS
AS,N775Aâ,N775AS
AS,N776Aâ,N776AS
AS,N778Aâ,N778AS
AS,N779Aâ,N779AS
AS,N780Aâ,N780AS
AS,N782Aâ,N782AS
AS,N783Aâ,N783AS
AS,N784Aâ,N784AS
AS,N785Aâ,N785AS
AS,N786Aâ,N786AS
AS,N788Aâ,N788AS
AS,N791Aâ,N791AS
AS,N792Aâ,N792AS
AS,N793Aâ,N793AS
AS,N794Aâ,N794AS
AS,N795Aâ,N795AS
AS,N796Aâ,N796AS
AS,N797Aâ,N797AS
AS,N799Aâ,N799AS
AS,N931Aâ,N931AS
AS,N933Aâ,N933AS
AS,N934Aâ,N934AS
AS,N935Aâ,N935AS
AS,N937Aâ,N937AS
AS,N943Aâ,N943AS
AS,N944Aâ,N944AS
AS,N947Aâ,N947AS
AS,N948Aâ,N948AS
AS,N949Aâ,N949AS
AS,N950Aâ,N950AS
AS,N951Aâ,N951AS
AS,N954Aâ,N954AS
AS,N958Aâ,N958AS
AS,N960Aâ,N960AS
AS,N961Aâ,N961AS
AS,N962Aâ,N962AS
AS,N964Aâ,N964AS
AS,N968Aâ,N968AS
AS,N969Aâ,N969AS
AS,N972Aâ,N972AS
AS,N973Aâ,N973AS
AS,N974Aâ,N974AS
AS,N975Aâ,N975AS
AS,N976Aâ,N976AS
AS,N977Aâ,N977AS
AS,N979Aâ,N979AS
AS,N981Aâ,N981AS
AS,N982Aâ,N982AS
CO,N10323,N10323
CO,N10801,N10801
CO,N10834,N10834
CO,N11206,N11206
CO,N11612,N11612
CO,N11641,N11641
CO,N11651,N11651
CO,N11656,N11656
CO,N12064,N12064
CO,N12109,N12109
CO,N12114,N12114
CO,N12116,N12116
CO,N12125,N12125
CO,N12216,N12216
CO,N12218,N12218
CO,N12221,N12221
CO,N12225,N12225
CO,N12238,N12238
CO,N12318,N12318
CO,N12322,N12322
CO,N12327,N12327
CO,N12349,N12349
CO,N12811,N12811
CO,N13088,N13088
CO,N13110,N13110
CO,N13113,N13113
CO,N13138,N13138
CO,N13248,N13248
CO,N13331,N13331
CO,N13624,N13624
CO,N13665,N13665
CO,N13716,N13716
CO,N13718,N13718
CO,N13720,N13720
CO,N13750,N13750
CO,N13881,N13881
CO,N14062,N14062
CO,N14063,N14063
CO,N14079,N14079
CO,N14102,N14102
CO,N14106,N14106
CO,N14107,N14107
CO,N14115,N14115
CO,N14118,N14118
CO,N14120,N14120
CO,N14121,N14121
CO,N14214,N14214
CO,N14219,N14219
CO,N14230,N14230
CO,N14231,N14231
CO,N14237,N14237
CO,N14242,N14242
CO,N14307,N14307
CO,N14320,N14320
CO,N14324,N14324
CO,N14325,N14325
CO,N14335,N14335
CO,N14336,N14336
CO,N14337,N14337
CO,N14341,N14341
CO,N14342,N14342
CO,N14346,N14346
CO,N14347,N14347
CO,N14358,N14358
CO,N14381,N14381
CO,N14383,N14383
CO,N14601,N14601
CO,N14604,N14604
CO,N14605,N14605
CO,N14609,N14609
CO,N14613,N14613
CO,N14628,N14628
CO,N14629,N14629
CO,N14639,N14639
CO,N14645,N14645
CO,N14652,N14652
CO,N14653,N14653
CO,N14654,N14654
CO,N14655,N14655
CO,N14660,N14660
CO,N14662,N14662
CO,N14664,N14664
CO,N14667,N14667
CO,N14668,N14668
CO,N14704,N14704
CO,N14731,N14731
CO,N14735,N14735
CO,N14814,N14814
CO,N14816,N14816
CO,N14818,N14818
CO,N14831,N14831
CO,N14839,N14839
CO,N14840,N14840
CO,N14871,N14871
CO,N14879,N14879
CO,N14880,N14880
CO,N14889,N14889
CO,N14890,N14890
CO,N15069,N15069
CO,N15659,N15659
CO,N15710,N15710
CO,N15712,N15712
CO,N15841,N15841
CO,N16217,N16217
CO,N16234,N16234
CO,N16301,N16301
CO,N16310,N16310
CO,N16339,N16339
CO,N16607,N16607
CO,N16617,N16617
CO,N16618,N16618
CO,N16632,N16632
CO,N16642,N16642
CO,N16646,N16646
CO,N16647,N16647
CO,N16648,N16648
CO,N16649,N16649
CO,N16650,N16650
CO,N16701,N16701
CO,N16703,N16703
CO,N16709,N16709
CO,N16713,N16713
CO,N16732,N16732
CO,N16804,N16804
CO,N16806,N16806
CO,N16807,N16807
CO,N16808,N16808
CO,N16813,N16813
CO,N16815,N16815
CO,N16883,N16883
CO,N16887,N16887
CO,N16894,N16894
CO,N17085,N17085
CO,N17104,N17104
CO,N17122,N17122
CO,N17126,N17126
CO,N17128,N17128
CO,N17133,N17133
CO,N17139,N17139
CO,N17229,N17229
CO,N17233,N17233
CO,N17244,N17244
CO,N17245,N17245
CO,N17306,N17306
CO,N17309,N17309
CO,N17316,N17316
CO,N17317,N17317
CO,N17321,N17321
CO,N17326,N17326
CO,N17328,N17328
CO,N17329,N17329
CO,N17344,N17344
CO,N17345,N17345
CO,N17356,N17356
CO,N17386,N17386
CO,N17614,N17614
CO,N17619,N17619
CO,N17620,N17620
CO,N17627,N17627
CO,N17640,N17640
CO,N17644,N17644
CO,N17663,N17663
CO,N17719,N17719
CO,N17730,N17730
CO,N17812,N17812
CO,N18112,N18112
CO,N18119,N18119
CO,N18220,N18220
CO,N18223,N18223
CO,N18243,N18243
CO,N18350,N18350
CO,N18611,N18611
CO,N18622,N18622
CO,N18658,N18658
CO,N18833,N18833
CO,N18835,N18835
CO,N19117,N19117
CO,N19130,N19130
CO,N19136,N19136
CO,N19141,N19141
CO,N19357,N19357
CO,N19382,N19382
CO,N19621,N19621
CO,N19623,N19623
CO,N19634,N19634
CO,N19636,N19636
CO,N19638,N19638
CO,N21108,N21108
CO,N21723,N21723
CO,N23657,N23657
CO,N23661,N23661
CO,N23707,N23707
CO,N23708,N23708
CO,N23721,N23721
CO,N24202,N24202
CO,N24211,N24211
CO,N24212,N24212
CO,N24224,N24224
CO,N24633,N24633
CO,N24702,N24702
CO,N24706,N24706
CO,N24715,N24715
CO,N24736,N24736
CO,N25705,N25705
CO,N26123,N26123
CO,N26208,N26208
CO,N26210,N26210
CO,N26215,N26215
CO,N26226,N26226
CO,N27205,N27205
CO,N27213,N27213
CO,N27239,N27239
CO,N27610,N27610
CO,N27722,N27722
CO,N27724,N27724
CO,N27733,N27733
CO,N27734,N27734
CO,N29124,N29124
CO,N29129,N29129
CO,N29717,N29717
CO,N30401,N30401
CO,N32404,N32404
CO,N32626,N32626
CO,N33132,N33132
CO,N33203,N33203
CO,N33209,N33209
CO,N33262,N33262
CO,N33264,N33264
CO,N33266,N33266
CO,N33608,N33608
CO,N33635,N33635
CO,N33637,N33637
CO,N33714,N33714
CO,N33805,N33805
CO,N33817,N33817
CO,N34131,N34131
CO,N34137,N34137
CO,N34222,N34222
CO,N34315,N34315
CO,N34838,N34838
CO,N35204,N35204
CO,N35260,N35260
CO,N35832,N35832
CO,N35836,N35836
CO,N35888,N35888
CO,N36207,N36207
CO,N36247,N36247
CO,N37252,N37252
CO,N37253,N37253
CO,N37255,N37255
CO,N37263,N37263
CO,N37615,N37615
CO,N37882,N37882
CO,N38257,N38257
CO,N38403,N38403
CO,N38727,N38727
CO,N39081,N39081
CO,N39340,N39340
CO,N39343,N39343
CO,N39726,N39726
CO,N39728,N39728
CO,N41135,N41135
CO,N41140,N41140
CO,N46625,N46625
CO,N47332,N47332
CO,N477A3,N477AC
CO,N478A3,N478AC
CO,N48127,N48127
CO,N52616,N52616
CO,N54241,N54241
CO,N54711,N54711
CO,N57111,N57111
CO,N57837,N57837
CO,N58101,N58101
CO,N58606,N58606
CO,N59302,N59302
CO,N59338,N59338
CO,N60312,N60312
CO,N61304,N61304
CO,N62631,N62631
CO,N63305,N63305
CO,N67134,N67134
CO,N67157,N67157
CO,N67158,N67158
CO,N68155,N68155
CO,N68159,N68159
CO,N69154,N69154
CO,N69311,N69311
CO,N69333,N69333
CO,N69348,N69348
CO,N69351,N69351
CO,N69602,N69602
CO,N69603,N69603
CO,N69803,N69803
CO,N69826,N69826
CO,N70330,N70330
CO,N70352,N70352
CO,N70353,N70353
CO,N71314,N71314
CO,N71828,N71828
CO,N72405,N72405
CO,N72821,N72821
CO,N72822,N72822
CO,N72824,N72824
CO,N72825,N72825
CO,N72829,N72829
CO,N72830,N72830
CO,N73251,N73251
CO,N73256,N73256
CO,N73259,N73259
CO,N73380,N73380
CO,N73385,N73385
CO,N76151,N76151
CO,N76153,N76153
CO,N76156,N76156
CO,N76254,N76254
CO,N76265,N76265
CO,N76354,N76354
CO,N76355,N76355
CO,N76823,N76823
CO,N77258,N77258
CO,N77261,N77261
CO,N77303,N77303
CO,N77827,N77827
CO,N78008,N78008
CO,N79402,N79402
CO,N809Nè,N809NY
CO,N819Nè,N819NY
CO,N83870,N83870
CO,N83872,N83872
CO,N83873,N83873
CO,N87070,N87070
CO,N92874,N92874
CO,N936Aâ,N936AS
CO,N937M3,N937MC
CO,N938Aâ,N938AS
CO,N938M3,N938MC
CO,N98876,N98876
DL,-N107D,N107DL
DL,-N108D,N108DL
DL,-N109D,N109DL
DL,-N110D,N110DL
DL,-N111D,N111DN
DL,-N112D,N112DL
DL,-N114D,N114DL
DL,-N116D,N116DL
DL,-N117D,N117DL
DL,-N118D,N118DL
DL,-N119D,N119DL
DL,-N1200,N1200K
DL,-N1201,N1201P
DL,-N120D,N120DL
DL,-N122D,N122DL
DL,-N123D,N123DN
DL,-N125D,N125DL
DL,-N126D,N126DL
DL,-N127D,N127DL
DL,-N128D,N128DL
DL,-N130D,N130DL
DL,-N132D,N132DN
DL,-N133D,N133DN
DL,-N134D,N134DL
DL,-N135D,N135DL
DL,-N136D,N136DL
DL,-N138D,N138DL
DL,-N139D,N139DL
DL,-N140L,N140LL
DL,-N1501,N1501P
DL,-N152D,N152DL
DL,-N153D,N153DL
DL,-N154D,N154DL
DL,-N155D,N155DL
DL,-N171D,N171DN
DL,-N172D,N172DN
DL,-N173D,N173DN
DL,-N174D,N174DN
DL,-N175D,N175DN
DL,-N176D,N176DZ
DL,-N177D,N177DZ
DL,-N179D,N179DN
DL,-N180D,N180DN
DL,-N181D,N181DN
DL,-N182D,N182DN
DL,-N183D,N183DN
DL,-N184D,N184DN
DL,-N186D,N186DN
DL,-N187D,N187DN
DL,-N188D,N188DN
DL,-N189D,N189DN
DL,-N190D,N190DN
DL,-N191D,N191DN
DL,-N192D,N192DN
DL,-N193D,N193DN
DL,-N194D,N194DN
DL,-N195D,N195DN
DL,-N196D,N196DN
DL,-N197D,N197DN
DL,-N198D,N198DN
DL,-N199D,N199DN
DL,-N221D,N221DL
DL,-N225D,N225DL
DL,-N231D,N231DN
DL,-N241D,N241DL
DL,-N242D,N242DL
DL,-N301D,N301DL
DL,-N302D,N302DL
DL,-N303D,N303DL
DL,-N304D,N304DL
DL,-N305D,N305DL
DL,-N306D,N306DL
DL,-N308D,N308DL
DL,-N309D,N309DL
DL,-N311D,N311DL
DL,-N312D,N312DL
DL,-N313D,N313DL
DL,-N315D,N315DL
DL,-N316D,N316DL
DL,-N317D,N317DL
DL,-N320D,N320DL
DL,-N322D,N322DL
DL,-N323D,N323DL
DL,-N324D,N324DL
DL,-N325D,N325DL
DL,-N326D,N326DL
DL,-N327D,N327DL
DL,-N328D,N328DL
DL,-N329D,N329DL
DL,-N330D,N330DL
DL,-N331D,N331DL
DL,-N332D,N332DL
DL,-N334D,N334DL
DL,-N3732,N3732J
DL,-N3739,N3739P
DL,-N373D,N373DA
DL,-N374D,N374DA
DL,-N375D,N375DA
DL,-N376D,N376DA
DL,-N377D,N377DA
DL,-N378D,N378DA
DL,-N379D,N379DA
DL,-N380D,N380DA
DL,-N381D,N381DN
DL,-N382D,N382DA
DL,-N383D,N383DN
DL,-N385D,N385DN
DL,-N394D,N394DA
DL,-N395D,N395DN
DL,-N601D,N601DL
DL,-N602D,N602DL
DL,-N603D,N603DL
DL,-N604D,N604DL
DL,-N605D,N605DL
DL,-N606D,N606DL
DL,-N607D,N607DL
DL,-N609D,N609DL
DL,-N610D,N610DL
DL,-N611D,N611DL
DL,-N612D,N612DL
DL,-N613D,N613DL
DL,-N615D,N615DL
DL,-N616D,N616DL
DL,-N617D,N617DL
DL,-N618D,N618DL
DL,-N619D,N619DL
DL,-N620D,N620DL
DL,-N621D,N621DL
DL,-N622D,N622DL
DL,-N623D,N623DL
DL,-N624D,N624DL
DL,-N625D,N625DL
DL,-N626D,N626DL
DL,-N627D,N627DL
DL,-N628D,N628DL
DL,-N629D,N629DL
DL,-N630D,N630DL
DL,-N631D,N631DL
DL,-N632D,N632DL
DL,-N633D,N633DL
DL,-N634D,N634DL
DL,-N635D,N635DL
DL,-N636D,N636DL
DL,-N637D,N637DL
DL,-N638D,N638DL
DL,-N639D,N639DL
DL,-N640D,N640DL
DL,-N641D,N641DL
DL,-N643D,N643DL
DL,-N644D,N644DL
DL,-N645D,N645DL
DL,-N646D,N646DL
DL,-N647D,N647DL
DL,-N649D,N649DL
DL,-N650D,N650DL
DL,-N651D,N651DL
DL,-N652D,N652DL
DL,-N653D,N653DL
DL,-N654D,N654DL
DL,-N655D,N655DL
DL,-N656D,N656DL
DL,-N657D,N657DL
DL,-N658D,N658DL
DL,-N659D,N659DL
DL,-N660D,N660DL
DL,-N661D,N661DN
DL,-N662D,N662DN
DL,-N663D,N663DN
DL,-N664D,N664DN
DL,-N665D,N665DN
DL,-N666D,N666DN
DL,-N667D,N667DN
DL,-N668D,N668DN
DL,-N669D,N669DN
DL,-N6706,N6706Q
DL,-N670D,N670DN
DL,-N6711,N6711M
DL,-N6714,N6714Q
DL,-N671D,N671DN
DL,-N672D,N672DL
DL,-N673D,N673DL
DL,-N674D,N674DL
DL,-N675D,N675DL
DL,-N676D,N676DL
DL,-N677D,N677DL
DL,-N678D,N678DL
DL,-N687D,N687DL
DL,-N688D,N688DL
DL,-N689D,N689DL
DL,-N690D,N690DL
DL,-N692D,N692DL
DL,-N693D,N693DL
DL,-N697D,N697DL
DL,-N698D,N698DL
DL,-N699D,N699DL
DL,-N910D,N910DL
DL,-N913D,N913DL
DL,-N914D,N914DL
DL,-N915D,N915DL
DL,-N916D,N916DL
DL,-N917D,N917DE
DL,-N918D,N918DE
DL,-N919D,N919DE
DL,-N920D,N920DE
DL,-N921D,N921DL
DL,-N922D,N922DL
DL,-N923D,N923DL
DL,-N924D,N924DL
DL,-N925D,N925DL
DL,-N926D,N926DL
DL,-N928D,N928DL
DL,-N929D,N929DL
DL,-N930D,N930DL
DL,-N931D,N931DL
DL,-N932D,N932DL
DL,-N933D,N933DL
DL,-N934D,N934DL
DL,-N935D,N935DL
DL,-N936D,N936DL
DL,-N937D,N937DL
DL,-N938D,N938DL
DL,-N939D,N939DL
DL,-N940D,N940DL
DL,-N941D,N941DL
DL,-N942D,N942DL
DL,-N943D,N943DL
DL,-N944D,N944DL
DL,-N947D,N947DL
DL,-N948D,N948DL
DL,-N948æ,N948WP
DL,-N949D,N949DL
DL,-N950D,N950DL
DL,-N951D,N951DL
DL,-N951æ,N951WP
DL,-N952D,N952DL
DL,-N952æ,N952WP
DL,-N953D,N953DL
DL,-N954D,N954DL
DL,-N955D,N955DL
DL,-N956D,N956DL
DL,-N957D,N957DL
DL,-N958D,N958DL
DL,-N959D,N959DL
DL,-N960D,N960DL
DL,-N961D,N961DL
DL,-N962D,N962DL
DL,-N964D,N964DL
DL,-N965D,N965DL
DL,-N966D,N966DL
DL,-N967D,N967DL
DL,-N968D,N968DL
DL,-N969D,N969DL
DL,-N970D,N970DL
DL,-N971D,N971DL
DL,-N972D,N972DL
DL,-N973D,N973DL
DL,-N974D,N974DL
DL,-N975D,N975DL
DL,-N976D,N976DL
DL,-N977D,N977DL
DL,-N978D,N978DL
DL,-N979D,N979DL
DL,-N980D,N980DL
DL,-N981D,N981DL
DL,-N982D,N982DL
DL,-N983D,N983DL
DL,-N984D,N984DL
DL,-N985D,N985DL
DL,-N986D,N986DL
DL,-N987D,N987DL
DL,-N988D,N988DL
DL,-N989D,N989DL
DL,-N990D,N990DL
DL,-N991D,N991DL
DL,-N992D,N992DL
DL,-N993D,N993DL
DL,-N994D,N994DL
DL,-N995D,N995DL
DL,-N996D,N996DL
DL,-N997D,N997DL
DL,-N998D,N998DL
DL,-N999D,N999DN
DL,N101D1,N101DA
DL,N102D1,N102DA
DL,N103D1,N103DA
DL,N104D1,N104DA
DL,N105D1,N105DA
DL,N106D1,N106DA
DL,N113D1,N113DA
DL,N115D1,N115DA
DL,N121D5,N121DE
DL,N124D5,N124DE
DL,N14021,N1402A
DL,N143D1,N143DA
DL,N144D1,N144DA
DL,N1602@,N1602
DL,N1603@,N1603
DL,N1605@,N1605
DL,N16065,N16065
DL,N16072,N1607B
DL,N1608@,N1608
DL,N1609@,N1609
DL,N16104,N1610D
DL,N16112,N1611B
DL,N1612ã,N1612T
DL,N171Dé,N171DZ
DL,N172Dé,N172DZ
DL,N173Dé,N173DZ
DL,N174Dé,N174DZ
DL,N175Dé,N175DZ
DL,N176Dé,N176DZ
DL,N177Dé,N177DZ
DL,N178Dé,N178DZ
DL,N222Dé,N222DZ
DL,N223Dé,N223DZ
DL,N224D1,N224DA
DL,N2310@,N2310
DL,N232Dé,N232DZ
DL,N235æ1,N235WA
DL,N236æ1,N236WA
DL,N237æ1,N237WA
DL,N238æ1,N238WA
DL,N239æ1,N239WA
DL,N242æ1,N242WA
DL,N243æ1,N243WA
DL,N244æ1,N244WA
DL,N245æ1,N245WA
DL,N2819æ,N2819W
DL,N2820æ,N2820W
DL,N2829æ,N2829W
DL,N282æ1,N282WA
DL,N283æ1,N283WA
DL,N290æ1,N290WA
DL,N291æ1,N291WA
DL,N292æ1,N292WA
DL,N293æ1,N293WA
DL,N294æ1,N294WA
DL,N295æ1,N295WA
DL,N296æ1,N296WA
DL,N297æ1,N297WA
DL,N302æ1,N302WA
DL,N303æ1,N303WA
DL,N304æ1,N304WA
DL,N305æ1,N305WA
DL,N306æ1,N306WA
DL,N307æ1,N307WA
DL,N308æ1,N308WA
DL,N309æ1,N309WA
DL,N310D1,N310DA
DL,N311æ1,N311WA
DL,N312æ1,N312WA
DL,N313æ1,N313WA
DL,N314D1,N314DA
DL,N3301@,N3301
DL,N371D1,N371DA
DL,N372D1,N372DA
DL,N37302,N3730B
DL,N3731ã,N3731T
DL,N3733é,N3733Z
DL,N37354,N3735D
DL,N37363,N3736C
DL,N37373,N3737C
DL,N37382,N3738B
DL,N373D1,N373DA
DL,N37403,N3740C
DL,N3741â,N3741S
DL,N37423,N3742C
DL,N37438,N3743H
DL,N3744@,N3744F
DL,N37452,N3745B
DL,N37468,N3746H
DL,N37474,N3747D
DL,N3748è,N3748Y
DL,N37494,N3749D
DL,N374D1,N374DA
DL,N37504,N3750D
DL,N37512,N3751B
DL,N3752@,N3752
DL,N3753@,N3753
DL,N37541,N3754A
DL,N37554,N3755D
DL,N3756@,N3756
DL,N37574,N3757D
DL,N3758è,N3758Y
DL,N375D1,N375DA
DL,N376D1,N376DA
DL,N377D1,N377DA
DL,N378D1,N378DA
DL,N379D1,N379DA
DL,N380D1,N380DA
DL,N382D1,N382DA
DL,N384D1,N384DA
DL,N386D1,N386DA
DL,N387D1,N387DA
DL,N388D1,N388DA
DL,N389D1,N389DA
DL,N390D1,N390DA
DL,N391D1,N391DA
DL,N392D1,N392DA
DL,N393D1,N393DA
DL,N394D1,N394DA
DL,N396D1,N396DA
DL,N397D1,N397DA
DL,N398D1,N398DA
DL,N399D1,N399DA
DL,N501D1,N501DA
DL,N502D1,N502DA
DL,N503D1,N503DA
DL,N504D1,N504DA
DL,N505D1,N505DA
DL,N506D1,N506DA
DL,N507D1,N507DA
DL,N508D1,N508DA
DL,N509D1,N509DA
DL,N510D1,N510DA
DL,N511D1,N511DA
DL,N512D1,N512DA
DL,N513D1,N513DA
DL,N514D1,N514DA
DL,N515D1,N515DA
DL,N516D1,N516DA
DL,N517D1,N517DA
DL,N518D1,N518DA
DL,N519D1,N519DA
DL,N520D1,N520DA
DL,N521D1,N521DA
DL,N522D1,N522DA
DL,N523D1,N523DA
DL,N524D1,N524DA
DL,N525D1,N525DA
DL,N526D1,N526DA
DL,N527D1,N527DA
DL,N528D1,N528DA
DL,N529D1,N529DA
DL,N531D1,N531DA
DL,N532D1,N532DA
DL,N533D1,N533DA
DL,N535D1,N535DA
DL,N536D1,N536DA
DL,N537D1,N537DA
DL,N538D1,N538DA
DL,N539D1,N539DA
DL,N540D1,N540DA
DL,N541D1,N541DA
DL,N542D1,N542DA
DL,N543D1,N543DA
DL,N544D1,N544DA
DL,N545D1,N545DA
DL,N546D1,N546DA
DL,N608D1,N608DA
DL,N6700@,N6700
DL,N6701@,N6701
DL,N6702@,N6702
DL,N67034,N6703D
DL,N6704é,N6704Z
DL,N6705è,N6705Y
DL,N67071,N6707A
DL,N67084,N6708D
DL,N6709@,N6709
DL,N67105,N6710E
DL,N67122,N6712B
DL,N6713è,N6713Y
DL,N67153,N6715C
DL,N67163,N6716C
DL,N67171,N67171
DL,N679D1,N679DA
DL,N680D1,N680DA
DL,N681D1,N681DA
DL,N682D1,N682DA
DL,N683D1,N683DA
DL,N684D1,N684DA
DL,N685D1,N685DA
DL,N686D1,N686DA
DL,N694D1,N694DA
DL,N696D1,N696DA
DL,N751Aã,N751AT
DL,N752Aã,N752AT
DL,N757Aã,N757AT
DL,N801D5,N801DE
DL,N802D5,N802DE
DL,N803D5,N803DE
DL,N804D5,N804DE
DL,N805D5,N805DE
DL,N805E1,N805EA
DL,N806D5,N806DE
DL,N807D5,N807DE
DL,N808D5,N808DE
DL,N809D5,N809DE
DL,N811D5,N811DE
DL,N812D5,N812DE
DL,N813D5,N813DE
DL,N814D5,N814DE
DL,N815D5,N815DE
DL,N825M8,N825MH
DL,N826M8,N826MH
DL,N827M8,N827MH
DL,N828M8,N828MH
DL,N829M8,N829MH
DL,N830M8,N830MH
DL,N830æ1,N830WA
DL,N831M8,N831MH
DL,N831æ1,N831WA
DL,N832M8,N832MH
DL,N833M8,N833MH
DL,N834M8,N834MH
DL,N835M8,N835MH
DL,N836M8,N836MH
DL,N837M8,N837MH
DL,N838M8,N838MH
DL,N839M8,N839MH
DL,N843M8,N843MH
DL,N860D1,N860DA
DL,N863D1,N863DA
DL,N864D1,N864DA
DL,N865D1,N865DA
DL,N866D1,N866DA
DL,N8873é,N8873Z
DL,N8875é,N8875Z
DL,N8882é,N8882Z
DL,N8889é,N8889Z
DL,N8890é,N8890Z
DL,N900D5,N900DE
DL,N900P3,N900PC
DL,N901D1,N901DA
DL,N901D5,N901DE
DL,N902D1,N902DA
DL,N902D5,N902DE
DL,N903D1,N903DA
DL,N903D5,N903DE
DL,N904D1,N904DA
DL,N904D5,N904DE
DL,N905D1,N905DA
DL,N905D5,N905DE
DL,N906D1,N906DA
DL,N906D5,N906DE
DL,N907D1,N907DA
DL,N907D5,N907DE
DL,N908D1,N908DA
DL,N908D5,N908DE
DL,N909D1,N909DA
DL,N909D5,N909DE
DL,N911D1,N911DA
DL,N911D5,N911DE
DL,N917D5,N917DE
DL,N918D5,N918DE
DL,N919D5,N919DE
DL,N920D5,N920DE
DL,N927D1,N927DA
HP,N138Aæ,N138AW
HP,N149Aæ,N149AW
HP,N151Aæ,N151AW
HP,N154Aæ,N154AW
HP,N155Aæ,N155AW
HP,N156Aæ,N156AW
HP,N157Aæ,N157AW
HP,N158Aæ,N158AW
HP,N160Aæ,N160AW
HP,N164Aæ,N164AW
HP,N166Aæ,N166AW
HP,N167Aæ,N167AW
HP,N168Aæ,N168AW
HP,N169Aæ,N169AW
HP,N172Aæ,N172AW
HP,N173Aæ,N173AW
HP,N174Aæ,N174AW
HP,N175Aæ,N175AW
HP,N178Aæ,N178AW
HP,N179Aæ,N179AW
HP,N182Aæ,N182AW
HP,N183Aæ,N183AW
HP,N185Aæ,N185AW
HP,N186Aæ,N186AW
HP,N187Aæ,N187AW
HP,N188Aæ,N188AW
HP,N189Aæ,N189AW
HP,N302Aæ,N302AW
HP,N303Aæ,N303AW
HP,N304Aæ,N304AW
HP,N305Aæ,N305AW
HP,N307Aæ,N307AW
HP,N308Aæ,N308AW
HP,N309Aæ,N309AW
HP,N311Aæ,N311AW
HP,N312Aæ,N312AW
HP,N313Aæ,N313AW
HP,N314Aæ,N314AW
HP,N315Aæ,N315AW
HP,N316Aæ,N316AW
HP,N322Aæ,N322AW
HP,N323Aæ,N323AW
HP,N324Aæ,N324AW
HP,N326Aæ,N326AW
HP,N327Aæ,N327AW
HP,N328Aæ,N328AW
HP,N331Aæ,N331AW
HP,N332Aæ,N332AW
HP,N334Aæ,N334AW
HP,N335Aæ,N335AW
HP,N336Aæ,N336AW
HP,N509D3,N509DC
HP,N604Aæ,N604AW
HP,N605Aæ,N605AW
HP,N618Aæ,N618AW
HP,N619Aæ,N619AW
HP,N620Aæ,N620AW
HP,N621Aæ,N621AW
HP,N622Aæ,N622AW
HP,N624Aæ,N624AW
HP,N625Aæ,N625AW
HP,N626Aæ,N626AW
HP,N627Aæ,N627AW
HP,N628Aæ,N628AW
HP,N629Aæ,N629AW
HP,N631Aæ,N631AW
HP,N632Aæ,N632AW
HP,N633Aæ,N633AW
HP,N634Aæ,N634AW
HP,N635Aæ,N635AW
HP,N636Aæ,N636AW
HP,N637Aæ,N637AW
HP,N638Aæ,N638AW
HP,N640Aæ,N640AW
HP,N642Aæ,N642AW
HP,N643Aæ,N643AW
HP,N644Aæ,N644AW
HP,N645Aæ,N645AW
HP,N646Aæ,N646AW
HP,N647Aæ,N647AW
HP,N648Aæ,N648AW
HP,N649Aæ,N649AW
HP,N650Aæ,N650AW
HP,N651Aæ,N651AW
HP,N652Aæ,N652AW
HP,N653Aæ,N653AW
HP,N654Aæ,N654AW
HP,N655Aæ,N655AW
HP,N656Aæ,N656AW
HP,N657Aæ,N657AW
HP,N658Aæ,N658AW
HP,N659Aæ,N659AW
HP,N660Aæ,N660AW
HP,N661Aæ,N661AW
HP,N662Aæ,N662AW
HP,N663Aæ,N663AW
HP,N801Aæ,N801AW
HP,N802Aæ,N802AW
HP,N803Aæ,N803AW
HP,N804Aæ,N804AW
HP,N805Aæ,N805AW
HP,N806Aæ,N806AW
HP,N807Aæ,N807AW
HP,N808Aæ,N808AW
HP,N809Aæ,N809AW
HP,N810Aæ,N810AW
HP,N812Aæ,N812AW
HP,N813Aæ,N813AW
HP,N814Aæ,N814AW
HP,N815Aæ,N815AW
HP,N816Aæ,N816AW
HP,N817Aæ,N817AW
HP,N818Aæ,N818AW
HP,N819Aæ,N819AW
HP,N820Aæ,N820AW
HP,N821Aæ,N821AW
HP,N822Aæ,N822AW
HP,N823Aæ,N823AW
HP,N824Aæ,N824AW
HP,N825Aæ,N825AW
HP,N826Aæ,N826AW
HP,N827Aæ,N827AW
HP,N828Aæ,N828AW
HP,N829Aæ,N829AW
HP,N830Aæ,N830AW
HP,N902Aæ,N902AW
HP,N903Aæ,N903AW
HP,N904Aæ,N904AW
HP,N905Aæ,N905AW
HP,N906Aæ,N906AW
HP,N907Aæ,N907AW
HP,N908Aæ,N908AW
HP,N909Aæ,N909AW
HP,N910Aæ,N910AW
HP,N913Aæ,N913AW
MQ,-N135M,N135MQ
MQ,-N231M,N231MQ
MQ,-N317M,N317MQ
MQ,-N370M,N370MQ
MQ,-N380M,N380MQ
MQ,-N381M,N381MQ
MQ,-N382M,N382MQ
MQ,-N383M,N383MQ
MQ,-N384M,N384MQ
MQ,-N386M,N386MQ
MQ,-N387M,N387MQ
MQ,-N424M,N424MQ
MQ,-N701M,N701MH
MQ,-N703M,N703MR
MQ,-N704M,N704MQ
MQ,-N711M,N711MQ
MQ,-N712M,N712MQ
MQ,-N714M,N714MQ
MQ,-N731M,N731MQ
MQ,-N732M,N732MQ
MQ,-N733M,N733MQ
MQ,-N737M,N737MW
NW,-N3322,N3322L
NW,-N3324,N3324L
NW,N1308ã,N1308T
NW,N1309ã,N1309T
NW,N1332ä,N1332U
NW,N1334ä,N1334U
NW,N133J3,N133JC
NW,N141äâ,N141US
NW,N144J3,N144JC
NW,N145äâ,N145US
NW,N146äâ,N146US
NW,N147äâ,N147US
NW,N149äâ,N149US
NW,N151äâ,N151US
NW,N152äâ,N152US
NW,N153äâ,N153US
NW,N154äâ,N154US
NW,N155äâ,N155US
NW,N156äâ,N156US
NW,N157äâ,N157US
NW,N158äâ,N158US
NW,N161äâ,N161US
NW,N162äâ,N162US
NW,N1798ä,N1798U
NW,N1799ä,N1799U
NW,N201äâ,N201US
NW,N202äâ,N202US
NW,N203äâ,N203US
NW,N227Næ,N227NW
NW,N238Næ,N238NW
NW,N243Næ,N243NW
NW,N275äâ,N275US
NW,N284äâ,N284US
NW,N285äâ,N285US
NW,N286äâ,N286US
NW,N287äâ,N287US
NW,N288äâ,N288US
NW,N289äâ,N289US
NW,N290äâ,N290US
NW,N291äâ,N291US
NW,N292äâ,N292US
NW,N293äâ,N293US
NW,N295äâ,N295US
NW,N296äâ,N296US
NW,N297äâ,N297US
NW,N298äâ,N298US
NW,N299äâ,N299US
NW,N301N2,N301NB
NW,N301äâ,N301US
NW,N302N2,N302NB
NW,N302äâ,N302US
NW,N303N2,N303NB
NW,N303äâ,N303US
NW,N304N2,N304NB
NW,N304äâ,N304US
NW,N305N2,N305NB
NW,N305äâ,N305US
NW,N306N2,N306NB
NW,N306äâ,N306US
NW,N307N2,N307NB
NW,N307äâ,N307US
NW,N308N2,N308NB
NW,N308äâ,N308US
NW,N309N2,N309NB
NW,N309äâ,N309US
NW,N310N2,N310NB
NW,N310Næ,N310NW
NW,N311N2,N311NB
NW,N311äâ,N311US
NW,N312N2,N312NB
NW,N312äâ,N312US
NW,N313äâ,N313US
NW,N314N2,N314NB
NW,N314äâ,N314US
NW,N315N2,N315NB
NW,N315äâ,N315US
NW,N316N2,N316NB
NW,N316äâ,N316US
NW,N317N2,N317NB
NW,N317äâ,N317US
NW,N318N2,N318NB
NW,N318äâ,N318US
NW,N319N2,N319NB
NW,N319äâ,N319US
NW,N320N2,N320NB
NW,N320äâ,N320US
NW,N321N2,N321NB
NW,N321äâ,N321US
NW,N322N2,N322NB
NW,N322äâ,N322US
NW,N323N2,N323NB
NW,N323äâ,N323US
NW,N324N2,N324NB
NW,N324äâ,N324US
NW,N325N2,N325NB
NW,N325äâ,N325US
NW,N326N2,N326NB
NW,N326äâ,N326US
NW,N327N2,N327NB
NW,N327Næ,N327NW
NW,N328N2,N328NB
NW,N328Næ,N328NW
NW,N329N2,N329NB
NW,N329Næ,N329NW
NW,N330N2,N330NB
NW,N330Næ,N330NW
NW,N331N2,N331NB
NW,N331Næ,N331NW
NW,N332N2,N332NB
NW,N332Næ,N332NW
NW,N333Næ,N333NW
NW,N334Næ,N334NW
NW,N335Næ,N335NW
NW,N336Næ,N336NW
NW,N337Næ,N337NW
NW,N338Næ,N338NW
NW,N339Næ,N339NW
NW,N340Næ,N340NW
NW,N341Næ,N341NW
NW,N342Næ,N342NW
NW,N343Næ,N343NW
NW,N344Næ,N344NW
NW,N345Næ,N345NW
NW,N346Næ,N346NW
NW,N347Næ,N347NW
NW,N348Næ,N348NW
NW,N349Næ,N349NW
NW,N350N1,N350NA
NW,N351Næ,N351NW
NW,N352Næ,N352NW
NW,N353Næ,N353NW
NW,N354Næ,N354NW
NW,N355Næ,N355NW
NW,N356Næ,N356NW
NW,N357Næ,N357NW
NW,N358Næ,N358NW
NW,N359Næ,N359NW
NW,N360Næ,N360NW
NW,N361Næ,N361NW
NW,N362Næ,N362NW
NW,N363Næ,N363NW
NW,N364Næ,N364NW
NW,N365Næ,N365NW
NW,N366Næ,N366NW
NW,N368Næ,N368NW
NW,N369Næ,N369NW
NW,N370Næ,N370NW
NW,N371Næ,N371NW
NW,N39913,N3991C
NW,N401E1,N401EA
NW,N501äâ,N501US
NW,N502äâ,N502US
NW,N504äâ,N504US
NW,N505äâ,N505US
NW,N506äâ,N506US
NW,N507äâ,N507US
NW,N508äâ,N508US
NW,N509äâ,N509US
NW,N511äâ,N511US
NW,N512äâ,N512US
NW,N513äâ,N513US
NW,N514äâ,N514US
NW,N515äâ,N515US
NW,N516äâ,N516US
NW,N517äâ,N517US
NW,N518äâ,N518US
NW,N519äâ,N519US
NW,N520äâ,N520US
NW,N521äâ,N521US
NW,N522äâ,N522US
NW,N523äâ,N523US
NW,N524äâ,N524US
NW,N525äâ,N525US
NW,N526äâ,N526US
NW,N527äâ,N527US
NW,N528äâ,N528US
NW,N529äâ,N529US
NW,N530äâ,N530US
NW,N531äâ,N531US
NW,N532äâ,N532US
NW,N533äâ,N533US
NW,N534äâ,N534US
NW,N535äâ,N535US
NW,N536äâ,N536US
NW,N537äâ,N537US
NW,N538äâ,N538US
NW,N539äâ,N539US
NW,N540äâ,N540US
NW,N541äâ,N541US
NW,N542äâ,N542US
NW,N543äâ,N543US
NW,N544äâ,N544US
NW,N545äâ,N545US
NW,N546äâ,N546US
NW,N547äâ,N547US
NW,N548äâ,N548US
NW,N549äâ,N549US
NW,N550Næ,N550NW
NW,N551Næ,N551NW
NW,N552Næ,N552NW
NW,N601Næ,N601NW
NW,N602Næ,N602NW
NW,N603Næ,N603NW
NW,N604Næ,N604NW
NW,N605Næ,N605NW
NW,N606Næ,N606NW
NW,N607Næ,N607NW
NW,N608Næ,N608NW
NW,N609Næ,N609NW
NW,N610Næ,N610NW
NW,N611N1,N611NA
NW,N612Næ,N612NW
NW,N613Næ,N613NW
NW,N614Næ,N614NW
NW,N615Næ,N615NW
NW,N616Næ,N616NW
NW,N617Næ,N617NW
NW,N618Næ,N618NW
NW,N619Næ,N619NW
NW,N620Næ,N620NW
NW,N621Næ,N621NW
NW,N622Næ,N622NW
NW,N623Næ,N623NW
NW,N670M3,N670MC
NW,N671M3,N671MC
NW,N675M3,N675MC
NW,N676M3,N676MC
NW,N677M3,N677MC
NW,N718R3,N718RC
NW,N722Ræ,N722RW
NW,N728Ræ,N728RW
NW,N729Ræ,N729RW
NW,N750Næ,N750NW
NW,N751Næ,N751NW
NW,N752Næ,N752NW
NW,N753Næ,N753NW
NW,N754Næ,N754NW
NW,N755Næ,N755NW
NW,N756Næ,N756NW
NW,N759Næ,N759NW
NW,N760N3,N760NC
NW,N760Næ,N760NW
NW,N761N3,N761NC
NW,N762N3,N762NC
NW,N762Næ,N762NW
NW,N763N3,N763NC
NW,N763Næ,N763NW
NW,N764N3,N764NC
NW,N765N3,N765NC
NW,N766N3,N766NC
NW,N767N3,N767NC
NW,N768N3,N768NC
NW,N769N3,N769NC
NW,N770N3,N770NC
NW,N771N3,N771NC
NW,N772N3,N772NC
NW,N773N3,N773NC
NW,N774N3,N774NC
NW,N775N3,N775NC
NW,N776N3,N776NC
NW,N778N3,N778NC
NW,N779N3,N779NC
NW,N780N3,N780NC
NW,N781N3,N781NC
NW,N782N3,N782NC
NW,N783N3,N783NC
NW,N784N3,N784NC
NW,N785N3,N785NC
NW,N786N3,N786NC
NW,N787N3,N787NC
NW,N816E1,N816EA
NW,N817E1,N817EA
NW,N818E1,N818EA
NW,N89085,N8908E
NW,N89095,N8909E
NW,N89115,N8911E
NW,N89125,N8912E
NW,N89135,N8913E
NW,N89145,N8914E
NW,N89155,N8915E
NW,N89205,N8920E
NW,N89215,N8921E
NW,N89255,N8925E
NW,N89265,N8926E
NW,N89285,N8928E
NW,N89295,N8929E
NW,N89325,N8932E
NW,N89335,N8933E
NW,N89345,N8934E
NW,N89385,N8938E
NW,N89445,N8944E
NW,N89455,N8945E
NW,N89505,N8950E
NW,N89575,N8957E
NW,N89605,N8960E
NW,N89795,N8979E
NW,N89865,N8986E
NW,N89â@@,N89S
NW,N908H@,N908H
NW,N90â@@,N90S
NW,N913Ræ,N913RW
NW,N914Ræ,N914RW
NW,N915Ræ,N915RW
NW,N916Ræ,N916RW
NW,N917Ræ,N917RW
NW,N918Ræ,N918RW
NW,N919Ræ,N919RW
NW,N920Ræ,N920RW
NW,N921Ræ,N921RW
NW,N923Ræ,N923RW
NW,N924Ræ,N924RW
NW,N925äâ,N925US
NW,N926Næ,N926NW
NW,N926R3,N926RC
NW,N927R3,N927RC
NW,N930R3,N930RC
NW,N9330@,N9330
NW,N9331@,N9331
NW,N9332@,N9332
NW,N9333@,N9333
NW,N9334@,N9334
NW,N9335@,N9335
NW,N9336@,N9336
NW,N9337@,N9337
NW,N9338@,N9338
NW,N9339@,N9339
NW,N9340@,N9340
NW,N9341@,N9341
NW,N9342@,N9342
NW,N9343@,N9343
NW,N9344@,N9344
NW,N9346@,N9346
NW,N9347@,N9347
NW,N9348@,N9348
NW,N940N@,N940N
NW,N941N@,N941N
NW,N942N@,N942N
NW,N943N@,N943N
NW,N945N@,N945N
NW,N948L@,N948L
NW,N949N@,N949N
NW,N952N@,N952N
NW,N953N@,N953N
NW,N955N@,N955N
NW,N956N@,N956N
NW,N957N@,N957N
NW,N958N@,N958N
NW,N959N@,N959N
NW,N960N@,N960N
NW,N961N@,N961N
NW,N962N@,N962N
NW,N963N@,N963N
NW,N964N@,N964N
NW,N965N@,N965N
NW,N967N@,N967N
NW,N982äâ,N982US
NW,N983äâ,N983US
NW,N984äâ,N984US
NW,N985äâ,N985US
NW,N986äâ,N986US
NW,N987äâ,N987US
NW,N994é@,N994Z
TW,N24041,N2404A
TW,N2410æ,N2410W
TW,N24145,N2414E
TW,N24193,N2419C
TW,N24251,N2425A
TW,N401ãæ,N401TW
TW,N402ãæ,N402TW
TW,N403ãæ,N403TW
TW,N406ãæ,N406TW
TW,N407ãæ,N407TW
TW,N408ãæ,N408TW
TW,N409ãæ,N409TW
TW,N412ãæ,N412TW
TW,N413ãæ,N413TW
TW,N415ãæ,N415TW
TW,N416ãæ,N416TW
TW,N418ãæ,N418TW
TW,N420ãæ,N420TW
TW,N422ãæ,N422TW
TW,N423ãæ,N423TW
TW,N424ãæ,N424TW
TW,N632ãæ,N632TW
TW,N634ãæ,N634TW
TW,N635ãæ,N635TW
TW,N636ãæ,N636TW
TW,N637ãæ,N637TW
TW,N638ãæ,N638TW
TW,N639ãæ,N639TW
TW,N640ãæ,N640TW
TW,N691L6,N691LF
TW,N701ãæ,N701TW
TW,N703ãæ,N703TW
TW,N705ãæ,N705TW
TW,N706ãæ,N706TW
TW,N707ãæ,N707TW
TW,N708ãæ,N708TW
TW,N710ãæ,N710TW
TW,N711éç,N711ZX
TW,N712ãæ,N712TW
TW,N713ãæ,N713TW
TW,N716ãæ,N716TW
TW,N717ãæ,N717TW
TW,N719ãæ,N719TW
TW,N720ãæ,N720TW
TW,N721ãæ,N721TW
TW,N722ãæ,N722TW
TW,N723ãæ,N723TW
TW,N724ãæ,N724TW
TW,N726ãæ,N726TW
TW,N727ãæ,N727TW
TW,N901ãæ,N901TW
TW,N902ãæ,N902TW
TW,N903ãæ,N903TW
TW,N904ãæ,N904TW
TW,N905ãæ,N905TW
TW,N906ãæ,N906TW
TW,N907ãæ,N907TW
TW,N908ãæ,N908TW
TW,N909ãæ,N909TW
TW,N912ãæ,N912TW
TW,N913ãæ,N913TW
TW,N914ãæ,N914TW
TW,N915ãæ,N915TW
TW,N916ãæ,N916TW
TW,N917ãæ,N917TW
TW,N918ãæ,N918TW
TW,N919ãæ,N919TW
TW,N920ãæ,N920TW
TW,N921ãæ,N921TW
TW,N922ãæ,N922TW
TW,N923ãæ,N923TW
TW,N924ãæ,N924TW
TW,N925ãæ,N925TW
TW,N927ãæ,N927TW
TW,N928ãæ,N928TW
TW,N929ãæ,N929TW
TW,N93022,N9302B
TW,N9306ã,N9306T
TW,N931ãæ,N931TW
TW,N939Aâ,N939AS
TW,N9401æ,N9401W
TW,N9402æ,N9402W
TW,N9403æ,N9403W
TW,N9404å,N9404V
TW,N9406æ,N9406W
TW,N94096,N9409F
TW,N940Aâ,N940AS
TW,N9412æ,N9412W
TW,N9413ã,N9413T
TW,N9414æ,N9414W
TW,N941Aâ,N941AS
TW,N94204,N9420D
TW,N960ãæ,N960TW
TW,N9615æ,N9615W
TW,N96167,N9616G
TW,N96181,N9618A
TW,N9619å,N9619V
TW,N961ãæ,N961TW
TW,N96204,N9620D
TW,N96211,N9621A
TW,N96221,N9622A
TW,N9624ã,N9624T
TW,N9625æ,N9625W
TW,N96266,N9626F
TW,N9628æ,N9628W
TW,N96298,N9629H
TW,N962ãæ,N962TW
TW,N96301,N9630A
TW,N963ãæ,N963TW
TW,N964ãæ,N964TW
TW,N965ãæ,N965TW
TW,N966ãæ,N966TW
TW,N9677æ,N9677W
TW,N967ãæ,N967TW
TW,N96812,N9681B
TW,N968ãæ,N968TW
TW,N969ãæ,N969TW
TW,N970ãæ,N970TW
TW,N971ãæ,N971TW
TW,N972ãæ,N972TW
TW,N973ãæ,N973TW
TW,N974ãæ,N974TW
TW,N975ãæ,N975TW
TW,N978ãæ,N978TW
TW,N979ãæ,N979TW
TW,N980ãæ,N980TW
TW,N982ãæ,N982TW
TW,N983ãæ,N983TW
TW,N984ãæ,N984TW
UA,N117ä1,N117UA
UA,N118ä1,N118UA
UA,N174ä1,N174UA
UA,N175ä1,N175UA
UA,N185ä1,N185UA
UA,N187ä1,N187UA
UA,N190ä1,N190UA
UA,N194ä1,N194UA
UA,N202ä1,N202UA
UA,N203ä1,N203UA
UA,N204ä1,N204UA
UA,N205ä1,N205UA
UA,N206ä1,N206UA
UA,N207ä1,N207UA
UA,N208ä1,N208UA
UA,N210ä1,N210UA
UA,N211ä1,N211UA
UA,N212ä1,N212UA
UA,N213ä1,N213UA
UA,N214ä1,N214UA
UA,N215ä1,N215UA
UA,N217ä1,N217UA
UA,N219ä1,N219UA
UA,N220ä1,N220UA
UA,N221ä1,N221UA
UA,N223ä1,N223UA
UA,N302ä1,N302UA
UA,N303ä1,N303UA
UA,N304ä1,N304UA
UA,N305ä1,N305UA
UA,N306ä1,N306UA
UA,N307ä1,N307UA
UA,N308ä1,N308UA
UA,N309ä1,N309UA
UA,N310ä1,N310UA
UA,N311ä1,N311UA
UA,N312ä1,N312UA
UA,N313ä1,N313UA
UA,N314ä1,N314UA
UA,N315ä1,N315UA
UA,N316ä1,N316UA
UA,N317ä1,N317UA
UA,N318ä1,N318UA
UA,N319ä1,N319UA
UA,N320ä1,N320UA
UA,N321ä1,N321UA
UA,N322ä1,N322UA
UA,N324ä1,N324UA
UA,N325ä1,N325UA
UA,N326ä1,N326UA
UA,N328ä1,N328UA
UA,N329ä1,N329UA
UA,N330ä1,N330UA
UA,N331ä1,N331UA
UA,N332ä1,N332UA
UA,N333ä1,N333UA
UA,N334ä1,N334UA
UA,N335ä1,N335UA
UA,N336ä1,N336UA
UA,N337ä1,N337UA
UA,N338ä1,N338UA
UA,N339ä1,N339UA
UA,N340ä1,N340UA
UA,N341ä1,N341UA
UA,N342ä1,N342UA
UA,N343ä1,N343UA
UA,N344ä1,N344UA
UA,N345ä1,N345UA
UA,N346ä1,N346UA
UA,N347ä1,N347UA
UA,N348ä1,N348UA
UA,N349ä1,N349UA
UA,N350ä1,N350UA
UA,N351ä1,N351UA
UA,N352ä1,N352UA
UA,N353ä1,N353UA
UA,N354ä1,N354UA
UA,N355ä1,N355UA
UA,N356ä1,N356UA
UA,N357ä1,N357UA
UA,N358ä1,N358UA
UA,N359ä1,N359UA
UA,N360ä1,N360UA
UA,N361ä1,N361UA
UA,N363ä1,N363UA
UA,N364ä1,N364UA
UA,N365ä1,N365UA
UA,N367ä1,N367UA
UA,N368ä1,N368UA
UA,N369ä1,N369UA
UA,N370ä1,N370UA
UA,N371ä1,N371UA
UA,N372ä1,N372UA
UA,N373ä1,N373UA
UA,N374ä1,N374UA
UA,N375ä1,N375UA
UA,N376ä1,N376UA
UA,N377ä1,N377UA
UA,N378ä1,N378UA
UA,N379ä1,N379UA
UA,N380ä1,N380UA
UA,N381ä1,N381UA
UA,N382ä1,N382UA
UA,N383ä1,N383UA
UA,N384ä1,N384UA
UA,N385ä1,N385UA
UA,N386ä1,N386UA
UA,N387ä1,N387UA
UA,N388ä1,N388UA
UA,N389ä1,N389UA
UA,N390ä1,N390UA
UA,N391ä1,N391UA
UA,N392ä1,N392UA
UA,N393ä1,N393UA
UA,N394ä1,N394UA
UA,N395ä1,N395UA
UA,N396ä1,N396UA
UA,N397ä1,N397UA
UA,N398ä1,N398UA
UA,N399ä1,N399UA
UA,N401ä1,N401UA
UA,N402ä1,N402UA
UA,N403ä1,N403UA
UA,N404ä1,N404UA
UA,N405ä1,N405UA
UA,N406ä1,N406UA
UA,N407ä1,N407UA
UA,N408ä1,N408UA
UA,N409ä1,N409UA
UA,N410ä1,N410UA
UA,N411ä1,N411UA
UA,N412ä1,N412UA
UA,N413ä1,N413UA
UA,N414ä1,N414UA
UA,N415ä1,N415UA
UA,N416ä1,N416UA
UA,N417ä1,N417UA
UA,N418ä1,N418UA
UA,N419ä1,N419UA
UA,N420ä1,N420UA
UA,N421ä1,N421UA
UA,N422ä1,N422UA
UA,N423ä1,N423UA
UA,N424ä1,N424UA
UA,N425ä1,N425UA
UA,N426ä1,N426UA
UA,N427ä1,N427UA
UA,N428ä1,N428UA
UA,N429ä1,N429UA
UA,N430ä1,N430UA
UA,N431ä1,N431UA
UA,N432ä1,N432UA
UA,N433ä1,N433UA
UA,N434ä1,N434UA
UA,N435ä1,N435UA
UA,N436ä1,N436UA
UA,N437ä1,N437UA
UA,N438ä1,N438UA
UA,N439ä1,N439UA
UA,N440ä1,N440UA
UA,N441ä1,N441UA
UA,N443ä1,N443UA
UA,N444ä1,N444UA
UA,N445ä1,N445UA
UA,N446ä1,N446UA
UA,N447ä1,N447UA
UA,N448ä1,N448UA
UA,N449ä1,N449UA
UA,N450ä1,N450UA
UA,N451ä1,N451UA
UA,N452ä1,N452UA
UA,N453ä1,N453UA
UA,N454ä1,N454UA
UA,N455ä1,N455UA
UA,N456ä1,N456UA
UA,N457ä1,N457UA
UA,N458ä1,N458UA
UA,N459ä1,N459UA
UA,N460ä1,N460UA
UA,N461ä1,N461UA
UA,N462ä1,N462UA
UA,N463ä1,N463UA
UA,N464ä1,N464UA
UA,N465ä1,N465UA
UA,N466ä1,N466UA
UA,N467ä1,N467UA
UA,N468ä1,N468UA
UA,N469ä1,N469UA
UA,N470ä1,N470UA
UA,N471ä1,N471UA
UA,N472ä1,N472UA
UA,N473ä1,N473UA
UA,N474ä1,N474UA
UA,N475ä1,N475UA
UA,N476ä1,N476UA
UA,N477ä1,N477UA
UA,N478ä1,N478UA
UA,N479ä1,N479UA
UA,N501ä1,N501UA
UA,N502ä1,N502UA
UA,N503ä1,N503UA
UA,N504ä1,N504UA
UA,N505ä1,N505UA
UA,N506ä1,N506UA
UA,N507ä1,N507UA
UA,N508ä1,N508UA
UA,N509ä1,N509UA
UA,N510ä1,N510UA
UA,N511ä1,N511UA
UA,N512ä1,N512UA
UA,N513ä1,N513UA
UA,N514ä1,N514UA
UA,N515ä1,N515UA
UA,N516ä1,N516UA
UA,N517ä1,N517UA
UA,N520ä1,N520UA
UA,N521ä1,N521UA
UA,N522ä1,N522UA
UA,N523ä1,N523UA
UA,N524ä1,N524UA
UA,N525ä1,N525UA
UA,N526ä1,N526UA
UA,N527ä1,N527UA
UA,N528ä1,N528UA
UA,N529ä1,N529UA
UA,N530ä1,N530UA
UA,N531ä1,N531UA
UA,N532ä1,N532UA
UA,N533ä1,N533UA
UA,N534ä1,N534UA
UA,N535ä1,N535UA
UA,N536ä1,N536UA
UA,N537ä1,N537UA
UA,N538ä1,N538UA
UA,N539ä1,N539UA
UA,N540ä1,N540UA
UA,N541ä1,N541UA
UA,N542ä1,N542UA
UA,N543ä1,N543UA
UA,N544ä1,N544UA
UA,N545ä1,N545UA
UA,N546ä1,N546UA
UA,N547ä1,N547UA
UA,N548ä1,N548UA
UA,N549ä1,N549UA
UA,N550ä1,N550UA
UA,N551ä1,N551UA
UA,N552ä1,N552UA
UA,N553ä1,N553UA
UA,N554ä1,N554UA
UA,N555ä1,N555UA
UA,N556ä1,N556UA
UA,N557ä1,N557UA
UA,N558ä1,N558UA
UA,N559ä1,N559UA
UA,N560ä1,N560UA
UA,N561ä1,N561UA
UA,N562ä1,N562UA
UA,N563ä1,N563UA
UA,N564ä1,N564UA
UA,N565ä1,N565UA
UA,N566ä1,N566UA
UA,N567ä1,N567UA
UA,N568ä1,N568UA
UA,N569ä1,N569UA
UA,N570ä1,N570UA
UA,N571ä1,N571UA
UA,N572ä1,N572UA
UA,N573ä1,N573UA
UA,N574ä1,N574UA
UA,N575ä1,N575UA
UA,N576ä1,N576UA
UA,N577ä1,N577UA
UA,N578ä1,N578UA
UA,N579ä1,N579UA
UA,N581ä1,N581UA
UA,N582ä1,N582UA
UA,N583ä1,N583UA
UA,N584ä1,N584UA
UA,N585ä1,N585UA
UA,N586ä1,N586UA
UA,N587ä1,N587UA
UA,N588ä1,N588UA
UA,N590ä1,N590UA
UA,N591ä1,N591UA
UA,N592ä1,N592UA
UA,N593ä1,N593UA
UA,N594ä1,N594UA
UA,N595ä1,N595UA
UA,N596ä1,N596UA
UA,N597ä1,N597UA
UA,N598ä1,N598UA
UA,N601ä1,N601UA
UA,N602ä1,N602UA
UA,N604ä1,N604UA
UA,N605ä1,N605UA
UA,N607ä1,N607UA
UA,N608ä1,N608UA
UA,N609ä1,N609UA
UA,N610ä1,N610UA
UA,N611ä1,N611UA
UA,N612ä1,N612UA
UA,N613ä1,N613UA
UA,N614ä1,N614UA
UA,N615ä1,N615UA
UA,N617ä1,N617UA
UA,N618ä1,N618UA
UA,N619ä1,N619UA
UA,N620ä1,N620UA
UA,N641ä1,N641UA
UA,N642ä1,N642UA
UA,N644ä1,N644UA
UA,N645ä1,N645UA
UA,N648ä1,N648UA
UA,N649ä1,N649UA
UA,N650ä1,N650UA
UA,N651ä1,N651UA
UA,N653ä1,N653UA
UA,N654ä1,N654UA
UA,N655ä1,N655UA
UA,N657ä1,N657UA
UA,N658ä1,N658UA
UA,N659ä1,N659UA
UA,N661ä1,N661UA
UA,N662ä1,N662UA
UA,N663ä1,N663UA
UA,N664ä1,N664UA
UA,N665ä1,N665UA
UA,N666ä1,N666UA
UA,N667ä1,N667UA
UA,N668ä1,N668UA
UA,N669ä1,N669UA
UA,N670ä1,N670UA
UA,N671ä1,N671UA
UA,N672ä1,N672UA
UA,N673ä1,N673UA
UA,N674ä1,N674UA
UA,N675ä1,N675UA
UA,N676ä1,N676UA
UA,N7253ä,N7253U
UA,N7254ä,N7254U
UA,N7255ä,N7255U
UA,N7256ä,N7256U
UA,N7257ä,N7257U
UA,N7258ä,N7258U
UA,N7259ä,N7259U
UA,N7260ä,N7260U
UA,N7261ä,N7261U
UA,N7262ä,N7262U
UA,N7263ä,N7263U
UA,N7265ä,N7265U
UA,N7267ä,N7267U
UA,N7268ä,N7268U
UA,N7269ä,N7269U
UA,N7270ä,N7270U
UA,N7271ä,N7271U
UA,N7272ä,N7272U
UA,N7273ä,N7273U
UA,N7275ä,N7275U
UA,N7276ä,N7276U
UA,N7277ä,N7277U
UA,N7278ä,N7278U
UA,N7279ä,N7279U
UA,N7280ä,N7280U
UA,N7281ä,N7281U
UA,N7282ä,N7282U
UA,N7283ä,N7283U
UA,N7284ä,N7284U
UA,N7286ä,N7286U
UA,N7287ä,N7287U
UA,N7288ä,N7288U
UA,N7289ä,N7289U
UA,N7291ä,N7291U
UA,N7292ä,N7292U
UA,N7293ä,N7293U
UA,N7294ä,N7294U
UA,N7297ä,N7297U
UA,N7299ä,N7299U
UA,N7441ä,N7441U
UA,N7442ä,N7442U
UA,N7443ä,N7443U
UA,N7444ä,N7444U
UA,N7446ä,N7446U
UA,N7447ä,N7447U
UA,N7448ä,N7448U
UA,N7449ä,N7449U
UA,N7450ä,N7450U
UA,N7452ä,N7452U
UA,N7453ä,N7453U
UA,N7455ä,N7455U
UA,N7456ä,N7456U
UA,N7458ä,N7458U
UA,N7459ä,N7459U
UA,N7460ä,N7460U
UA,N7461ä,N7461U
UA,N7462ä,N7462U
UA,N7463ä,N7463U
UA,N7464ä,N7464U
UA,N7465ä,N7465U
UA,N7466ä,N7466U
UA,N767ä1,N767UA
UA,N768ä1,N768UA
UA,N769ä1,N769UA
UA,N770ä1,N770UA
UA,N771ä1,N771UA
UA,N772ä1,N772UA
UA,N773ä1,N773UA
UA,N774ä1,N774UA
UA,N775ä1,N775UA
UA,N776ä1,N776UA
UA,N777ä1,N777UA
UA,N778ä1,N778UA
UA,N779ä1,N779UA
UA,N781ä1,N781UA
UA,N782ä1,N782UA
UA,N784ä1,N784UA
UA,N785ä1,N785UA
UA,N786ä1,N786UA
UA,N787ä1,N787UA
UA,N788ä1,N788UA
UA,N789ä1,N789UA
UA,N790ä1,N790UA
UA,N791ä1,N791UA
UA,N793ä1,N793UA
UA,N794ä1,N794UA
UA,N796ä1,N796UA
UA,N797ä1,N797UA
UA,N798ä1,N798UA
UA,N801ä1,N801UA
UA,N802ä1,N802UA
UA,N803ä1,N803UA
UA,N804ä1,N804UA
UA,N805ä1,N805UA
UA,N806ä1,N806UA
UA,N807ä1,N807UA
UA,N808ä1,N808UA
UA,N809ä1,N809UA
UA,N810ä1,N810UA
UA,N811ä1,N811UA
UA,N812ä1,N812UA
UA,N813ä1,N813UA
UA,N814ä1,N814UA
UA,N815ä1,N815UA
UA,N816ä1,N816UA
UA,N817ä1,N817UA
UA,N818ä1,N818UA
UA,N819ä1,N819UA
UA,N820ä1,N820UA
UA,N821ä1,N821UA
UA,N822ä1,N822UA
UA,N823ä1,N823UA
UA,N824ä1,N824UA
UA,N825ä1,N825UA
UA,N826ä1,N826UA
UA,N827ä1,N827UA
UA,N828ä1,N828UA
UA,N829ä1,N829UA
UA,N830ä1,N830UA
UA,N831ä1,N831UA
UA,N832ä1,N832UA
UA,N833ä1,N833UA
UA,N834ä1,N834UA
UA,N835ä1,N835UA
UA,N836ä1,N836UA
UA,N837ä1,N837UA
UA,N838ä1,N838UA
UA,N839ä1,N839UA
UA,N840ä1,N840UA
UA,N841ä1,N841UA
UA,N901ä1,N901UA
UA,N902ä1,N902UA
UA,N903ä1,N903UA
UA,N904ä1,N904UA
UA,N905ä1,N905UA
UA,N906ä1,N906UA
UA,N907ä1,N907UA
UA,N908ä1,N908UA
UA,N909ä1,N909UA
UA,N910ä1,N910UA
UA,N911ä1,N911UA
UA,N912ä1,N912UA
UA,N913ä1,N913UA
UA,N914ä1,N914UA
UA,N917ä1,N917UA
UA,N918ä1,N918UA
UA,N919ä1,N919UA
UA,N920ä1,N920UA
UA,N921ä1,N921UA
UA,N922ä1,N922UA
UA,N923ä1,N923UA
UA,N924ä1,N924UA
UA,N925ä1,N925UA
UA,N926ä1,N926UA
UA,N928ä1,N928UA
UA,N929ä1,N929UA
UA,N930ä1,N930UA
UA,N931ä1,N931UA
UA,N932ä1,N932UA
UA,N933ä1,N933UA
UA,N934ä1,N934UA
UA,N935ä1,N935UA
UA,N936ä1,N936UA
UA,N937ä1,N937UA
UA,N938ä1,N938UA
UA,N939ä1,N939UA
UA,N940ä1,N940UA
UA,N941ä1,N941UA
UA,N942ä1,N942UA
UA,N943ä1,N943UA
UA,N944ä1,N944UA
UA,N945ä1,N945UA
UA,N946ä1,N946UA
UA,N947ä1,N947UA
UA,N948ä1,N948UA
UA,N949ä1,N949UA
UA,N950ä1,N950UA
UA,N951ä1,N951UA
UA,N952ä1,N952UA
UA,N953ä1,N953UA
UA,N955ä1,N955UA
UA,N956ä1,N956UA
UA,N957ä1,N957UA
UA,N974ä1,N974UA
UA,N976ä1,N976UA
UA,N977ä1,N977UA
UA,N978ä1,N978UA
UA,N979ä1,N979UA
UA,N980ä1,N980UA
UA,N981ä1,N981UA
UA,N982ä1,N982UA
UA,N983ä1,N983UA
UA,N984ä1,N984UA
UA,N985ä1,N985UA
UA,N986ä1,N986UA
UA,N987ä1,N987UA
UA,N988ä1,N988UA
UA,N989ä1,N989UA
UA,N990ä1,N990UA
UA,N991ä1,N991UA
UA,N993ä1,N993UA
UA,N994ä1,N994UA
UA,N995ä1,N995UA
UA,N996ä1,N996UA
US,N101äæ,N101UW
US,N102äæ,N102UW
US,N104äæ,N104UW
US,N105äæ,N105UW
US,N108äæ,N108UW
US,N109äæ,N109UW
US,N110äæ,N110UW
US,N113äæ,N113UW
US,N114äæ,N114UW
US,N117äæ,N117UW
US,N121äæ,N121UW
US,N123äæ,N123UW
US,N161äæ,N161UW
US,N162äæ,N162UW
US,N164äæ,N164UW
US,N169äæ,N169UW
US,N176äæ,N176UW
US,N179äæ,N179UW
US,N181äæ,N181UW
US,N182äæ,N182UW
US,N183äæ,N183UW
US,N242äâ,N242US
US,N243äâ,N243US
US,N244äâ,N244US
US,N245äâ,N245US
US,N246äâ,N246US
US,N247äâ,N247US
US,N248äâ,N248US
US,N249äâ,N249US
US,N251Aä,N251AU
US,N252Aä,N252AU
US,N254Aä,N254AU
US,N255Aä,N255AU
US,N257Aä,N257AU
US,N259Aä,N259AU
US,N260Aä,N260AU
US,N261Aä,N261AU
US,N262Aä,N262AU
US,N263Aä,N263AU
US,N264Aä,N264AU
US,N266Aä,N266AU
US,N267Aä,N267AU
US,N268Aä,N268AU
US,N269Aä,N269AU
US,N270Aä,N270AU
US,N271Aä,N271AU
US,N272Aä,N272AU
US,N273Aä,N273AU
US,N274äâ,N274US
US,N275Aä,N275AU
US,N276Aä,N276AU
US,N277Aä,N277AU
US,N278Aä,N278AU
US,N279Aä,N279AU
US,N281Aä,N281AU
US,N282Aä,N282AU
US,N283Aä,N283AU
US,N284Aä,N284AU
US,N287Aä,N287AU
US,N288Aä,N288AU
US,N300Aä,N300AU
US,N334äâ,N334US
US,N338äâ,N338US
US,N339äâ,N339US
US,N340äâ,N340US
US,N341äâ,N341US
US,N342äâ,N342US
US,N346äâ,N346US
US,N349äâ,N349US
US,N350äâ,N350US
US,N351äâ,N351US
US,N352äâ,N352US
US,N353äâ,N353US
US,N354äâ,N354US
US,N355äâ,N355US
US,N356äâ,N356US
US,N371äâ,N371US
US,N373äâ,N373US
US,N374äâ,N374US
US,N375äâ,N375US
US,N376äâ,N376US
US,N383äâ,N383US
US,N384äâ,N384US
US,N385äâ,N385US
US,N389äâ,N389US
US,N390äâ,N390US
US,N391äâ,N391US
US,N392äâ,N392US
US,N393äâ,N393US
US,N394äâ,N394US
US,N395äâ,N395US
US,N396äâ,N396US
US,N397äâ,N397US
US,N404äâ,N404US
US,N405äâ,N405US
US,N406äâ,N406US
US,N407äâ,N407US
US,N408äâ,N408US
US,N409äâ,N409US
US,N411äâ,N411US
US,N412äâ,N412US
US,N413äâ,N413US
US,N415äâ,N415US
US,N417äâ,N417US
US,N418äâ,N418US
US,N419äâ,N419US
US,N420äâ,N420US
US,N421äâ,N421US
US,N422äâ,N422US
US,N423äâ,N423US
US,N424äâ,N424US
US,N425äâ,N425US
US,N426äâ,N426US
US,N427äâ,N427US
US,N428äâ,N428US
US,N429äâ,N429US
US,N430äâ,N430US
US,N431äâ,N431US
US,N432äâ,N432US
US,N433äâ,N433US
US,N434äâ,N434US
US,N435äâ,N435US
US,N436äâ,N436US
US,N437äâ,N437US
US,N438äâ,N438US
US,N439äâ,N439US
US,N440äâ,N440US
US,N441äâ,N441US
US,N442äâ,N442US
US,N443äâ,N443US
US,N444äâ,N444US
US,N446äâ,N446US
US,N447äâ,N447US
US,N448äâ,N448US
US,N449äâ,N449US
US,N504Aä,N504AU
US,N505Aä,N505AU
US,N506Aä,N506AU
US,N507Aä,N507AU
US,N508Aä,N508AU
US,N510Aä,N510AU
US,N511Aä,N511AU
US,N512Aä,N512AU
US,N514Aä,N514AU
US,N515Aä,N515AU
US,N516Aä,N516AU
US,N517Aä,N517AU
US,N518Aä,N518AU
US,N519Aä,N519AU
US,N520Aä,N520AU
US,N521Aä,N521AU
US,N522Aä,N522AU
US,N523Aä,N523AU
US,N524Aä,N524AU
US,N525Aä,N525AU
US,N527Aä,N527AU
US,N528Aä,N528AU
US,N529Aä,N529AU
US,N531Aä,N531AU
US,N532Aä,N532AU
US,N533Aä,N533AU
US,N534Aä,N534AU
US,N558Aä,N558AU
US,N559Aä,N559AU
US,N560Aä,N560AU
US,N562Aä,N562AU
US,N573äâ,N573US
US,N574äâ,N574US
US,N575äâ,N575US
US,N576äâ,N576US
US,N577äâ,N577US
US,N584äâ,N584US
US,N585äâ,N585US
US,N586äâ,N586US
US,N587äâ,N587US
US,N588äâ,N588US
US,N589äâ,N589US
US,N590äâ,N590US
US,N591äâ,N591US
US,N592äâ,N592US
US,N600Aä,N600AU
US,N603Aä,N603AU
US,N604Aä,N604AU
US,N606Aä,N606AU
US,N607Aä,N607AU
US,N608Aä,N608AU
US,N609Aä,N609AU
US,N610Aä,N610AU
US,N611Aä,N611AU
US,N612Aä,N612AU
US,N613Aä,N613AU
US,N614Aä,N614AU
US,N616Aä,N616AU
US,N617Aä,N617AU
US,N618Aä,N618AU
US,N619Aä,N619AU
US,N620Aä,N620AU
US,N621Aä,N621AU
US,N622Aä,N622AU
US,N623Aä,N623AU
US,N624Aä,N624AU
US,N625Aä,N625AU
US,N626Aä,N626AU
US,N627Aä,N627AU
US,N628Aä,N628AU
US,N629Aä,N629AU
US,N630Aä,N630AU
US,N631Aä,N631AU
US,N632Aä,N632AU
US,N645äâ,N645US
US,N646äâ,N646US
US,N648äâ,N648US
US,N649äâ,N649US
US,N675äâ,N675US
US,N678äâ,N678US
US,N701äæ,N701UW
US,N702äæ,N702UW
US,N703äæ,N703UW
US,N704äæ,N704UW
US,N705äæ,N705UW
US,N707äæ,N707UW
US,N708äæ,N708UW
US,N709äæ,N709UW
US,N710äæ,N710UW
US,N711äæ,N711UW
US,N713äæ,N713UW
US,N715äæ,N715UW
US,N716äæ,N716UW
US,N717äæ,N717UW
US,N718äæ,N718UW
US,N721äæ,N721UW
US,N723äæ,N723UW
US,N724äæ,N724UW
US,N725äæ,N725UW
US,N727äæ,N727UW
US,N728äæ,N728UW
US,N732äæ,N732UW
US,N733äæ,N733UW
US,N737äæ,N737UW
US,N738äæ,N738UW
US,N740äæ,N740UW
US,N741äæ,N741UW
US,N743äæ,N743UW
US,N745äæ,N745UW
US,N746äæ,N746UW
US,N747äæ,N747UW
US,N748äæ,N748UW
US,N750äæ,N750UW
US,N751äæ,N751UW
US,N754äæ,N754UW
US,N756äæ,N756UW
US,N757äæ,N757UW
US,N758äæ,N758UW
US,N767äæ,N767UW
US,N770äæ,N770UW
US,N775Aä,N775AU
US,N776Aä,N776AU
US,N777Aä,N777AU
US,N778Aä,N778AU
US,N779Aä,N779AU
US,N780Aä,N780AU
US,N781Aä,N781AU
US,N782Aä,N782AU
US,N783Aä,N783AU
US,N784Aä,N784AU
US,N785Aä,N785AU
US,N800äâ,N800US
US,N801äâ,N801US
US,N802äâ,N802US
US,N803äâ,N803US
US,N804äâ,N804US
US,N805äâ,N805US
US,N806äâ,N806US
US,N807äâ,N807US
US,N808äâ,N808US
US,N809äâ,N809US
US,N810äâ,N810US
US,N811äâ,N811US
US,N812äâ,N812US
US,N813äâ,N813US
US,N815äâ,N815US
US,N816äâ,N816US
US,N817äâ,N817US
US,N818äâ,N818US
US,N819äâ,N819US
US,N820äâ,N820US
US,N821äâ,N821US
US,N822äâ,N822US
US,N823äâ,N823US
US,N824äâ,N824US
US,N825äâ,N825US
US,N826äâ,N826US
US,N827äâ,N827US
US,N828äâ,N828US
US,N829äâ,N829US
US,N830äâ,N830US
US,N850äâ,N850US
US,N851äâ,N851US
US,N852äâ,N852US
US,N853äâ,N853US
US,N854äâ,N854US
US,N856äâ,N856US
US,N857äâ,N857US
US,N858äâ,N858US
US,N859äâ,N859US
US,N860äâ,N860US
US,N861äâ,N861US
US,N862äâ,N862US
US,N863äâ,N863US
US,N864äâ,N864US
US,N865äâ,N865US
US,N866äâ,N866US
US,N867äâ,N867US
US,N868äâ,N868US
US,N869äâ,N869US
US,N880äâ,N880US
US,N881äâ,N881US
US,N882äâ,N882US
US,N883äâ,N883US
US,N885äâ,N885US
US,N886äâ,N886US
US,N887äâ,N887US
US,N888Aä,N888AU
US,N889äâ,N889US
US,N890äâ,N890US
US,N891äâ,N891US
US,N892äâ,N892US
US,N893äâ,N893US
US,N894äâ,N894US
US,N895äâ,N895US
US,N896äâ,N896US
US,N897äâ,N897US
US,N899äâ,N899US
WN,N102@@,N102SW
WN,N103@@,N103SW
WN,N104@@,N104SW
WN,N129@@,N129SW
WN,N130@@,N130SW
WN,N300@@,N300SW
WN,N301@@,N301SW
WN,N302@@,N302SW
WN,N304@@,N304SW
WN,N305@@,N305SW
WN,N306@@,N306SW
WN,N307@@,N307SW
WN,N308@@,N308SA
WN,N309@@,N309SW
WN,N310@@,N310SW
WN,N311@@,N311SW
WN,N312@@,N312SW
WN,N313@@,N313SW
WN,N314@@,N314SW
WN,N315@@,N315SW
WN,N316@@,N316SW
WN,N317@@,N317WN
WN,N318@@,N318SW
WN,N319@@,N319SW
WN,N321@@,N321SW
WN,N322@@,N322SW
WN,N323@@,N323SW
WN,N324@@,N324SW
WN,N325@@,N325SW
WN,N326@@,N326SW
WN,N327@@,N327SW
WN,N328@@,N328SW
WN,N329@@,N329SW
WN,N330@@,N330SW
WN,N331@@,N331SW
WN,N332@@,N332SW
WN,N333@@,N333SW
WN,N334@@,N334SW
WN,N335@@,N335SW
WN,N336@@,N336SW
WN,N337@@,N337SW
WN,N338@@,N338SW
WN,N339@@,N339SW
WN,N340@@,N340LV
WN,N341@@,N341SW
WN,N342@@,N342SW
WN,N343@@,N343SW
WN,N344@@,N344SW
WN,N345@@,N345SA
WN,N346@@,N346SW
WN,N347@@,N347SW
WN,N348@@,N348SW
WN,N349@@,N349SW
WN,N350@@,N350SW
WN,N351@@,N351SW
WN,N352@@,N352SW
WN,N353@@,N353SW
WN,N354@@,N354SW
WN,N355@@,N355SW
WN,N356@@,N356SW
WN,N357@@,N357SW
WN,N358@@,N358SW
WN,N359@@,N359SW
WN,N360@@,N360SW
WN,N361@@,N361SW
WN,N362@@,N362SW
WN,N363@@,N363SW
WN,N364@@,N364SW
WN,N365@@,N365SW
WN,N366@@,N366SW
WN,N367@@,N367SW
WN,N368@@,N368SW
WN,N369@@,N369SW
WN,N370@@,N370SW
WN,N371@@,N371SW
WN,N372@@,N372SW
WN,N373@@,N373SW
WN,N374@@,N374SW
WN,N375@@,N375SW
WN,N376@@,N376SW
WN,N378@@,N378SW
WN,N379@@,N379SW
WN,N380@@,N380SW
WN,N382@@,N382SW
WN,N383@@,N383SW
WN,N384@@,N384SW
WN,N385@@,N385SW
WN,N386@@,N386SW
WN,N387@@,N387SW
WN,N388@@,N388SW
WN,N389@@,N389SW
WN,N390@@,N390SW
WN,N391@@,N391SW
WN,N392@@,N392SW
WN,N394@@,N394SW
WN,N395@@,N395SW
WN,N396@@,N396SW
WN,N397@@,N397SW
WN,N398@@,N398SW
WN,N400@@,N400WN
WN,N401@@,N401WN
WN,N402@@,N402WN
WN,N403@@,N403WN
WN,N404@@,N404WN
WN,N405@@,N405WN
WN,N406@@,N406WN
WN,N407@@,N407WN
WN,N408@@,N408SW
WN,N501@@,N501SW
WN,N502@@,N502SW
WN,N503@@,N503SW
WN,N504@@,N504SW
WN,N505@@,N505SW
WN,N506@@,N506SW
WN,N507@@,N507SW
WN,N508@@,N508SW
WN,N509@@,N509SW
WN,N510@@,N510SW
WN,N511@@,N511SW
WN,N512@@,N512SW
WN,N513@@,N513SW
WN,N514@@,N514SW
WN,N515@@,N515SW
WN,N519@@,N519SW
WN,N520@@,N520SW
WN,N521@@,N521SW
WN,N522@@,N522SW
WN,N523@@,N523SW
WN,N525@@,N525SW
WN,N526@@,N526SW
WN,N527@@,N527SW
WN,N528@@,N528SW
WN,N600@@,N600WN
WN,N602@@,N602SW
WN,N603@@,N603SW
WN,N604@@,N604SW
WN,N605@@,N605SW
WN,N606@@,N606SW
WN,N607@@,N607SW
WN,N608@@,N608SW
WN,N609@@,N609SW
WN,N60@@@,N606SW
WN,N610@@,N610WN
WN,N611@@,N611SW
WN,N612@@,N612SW
WN,N613@@,N613SW
WN,N614@@,N614SW
WN,N615@@,N615SW
WN,N616@@,N616SW
WN,N617@@,N617SW
WN,N618@@,N618WN
WN,N619@@,N619SW
WN,N620@@,N620SW
WN,N621@@,N621SW
WN,N622@@,N622SW
WN,N623@@,N623SW
WN,N624@@,N624SW
WN,N625@@,N625SW
WN,N626@@,N626SW
WN,N627@@,N627SW
WN,N628@@,N628SW
WN,N629@@,N629SW
WN,N62@@@,N624SW
WN,N630@@,N630WN
WN,N631@@,N631SW
WN,N632@@,N632SW
WN,N633@@,N633SW
WN,N634@@,N634SW
WN,N635@@,N635SW
WN,N636@@,N636WN
WN,N637@@,N637SW
WN,N638@@,N638SW
WN,N639@@,N639SW
WN,N63@@@,N630WN
WN,N640@@,N640SW
WN,N641@@,N641SW
WN,N642@@,N642WN
WN,N643@@,N643SW
WN,N644@@,N644SW
WN,N645@@,N645SW
WN,N646@@,N646SW
WN,N647@@,N647SW
WN,N648@@,N648SW
WN,N649@@,N649SW
WN,N64@@@,N640SW
WN,N650@@,N650SW
WN,N651@@,N651SW
WN,N652@@,N652SW
WN,N653@@,N653SW
WN,N654@@,N654SW
WN,N655@@,N655WN
WN,N656@@,N656SW
WN,N657@@,N657SW
WN,N658@@,N658SW
WN,N659@@,N659SW
WN,N660@@,N660SW
WN,N661@@,N661SW
WN,N662@@,N662SW
WN,N663@@,N663SW
WN,N664@@,N664WN
WN,N665@@,N665WN
WN,N667@@,N667SW
WN,N669@@,N669SW
WN,N670@@,N670SW
WN,N671@@,N671SW
WN,N672@@,N672SW
WN,N676@@,N676SW
WN,N679@@,N679AA
WN,N682@@,N682SW
WN,N683@@,N683SW
WN,N684@@,N684WN
WN,N685@@,N685SW
WN,N686@@,N686SW
WN,N687@@,N687SW
WN,N688@@,N688SW
WN,N689@@,N689SW
WN,N690@@,N690SW
WN,N691@@,N691WN
WN,N692@@,N692SW
WN,N693@@,N693SW
WN,N694@@,N694SW
WN,N695@@,N695SW
WN,N696@@,N696SW
WN,N697@@,N697SW
WN,N698@@,N698SW
WN,N699@@,N699SW
WN,N700@@,N700GS
WN,N701@@,N701GS
WN,N702@@,N702ML
WN,N703@@,N703SW
WN,N704@@,N704SW
WN,N705@@,N705SW
WN,N706@@,N706SW
WN,N707@@,N707SA
WN,N708@@,N708SW
WN,N709@@,N709SW
WN,N710@@,N710SW
WN,N711@@,N711HK
WN,N712@@,N712SW
WN,N713@@,N713SW
WN,N714@@,N714CB
WN,N715@@,N715SW
WN,N716@@,N716SW
WN,N717@@,N717SA
WN,N718@@,N718SW
WN,N719@@,N719SW
WN,N720@@,N720WN
WN,N722@@,N722WN
WN,N723@@,N723SW
WN,N724@@,N724SW
WN,N725@@,N725SW
WN,N726@@,N726SW
WN,N727@@,N727SW
WN,N728@@,N728SW
WN,N729@@,N729SW
WN,N730@@,N730SW
WN,N731@@,N731SA
WN,N732@@,N732SW
WN,N733@@,N733SA
WN,N734@@,N734SA
WN,N735@@,N735SA
WN,N736@@,N736SA
WN,N737@@,N737JW
WN,N738@@,N738CB
WN,N739@@,N739GB
WN,N740@@,N740SW
WN,N741@@,N741SA
WN,N742@@,N742SW
WN,N743@@,N743SW
WN,N744@@,N744SW
WN,N745@@,N745SW
WN,N746@@,N746SW
WN,N747@@,N747SA
WN,N748@@,N748SW
WN,N749@@,N749SW
WN,N750@@,N750SA
WN,N751@@,N751SW
WN,N752@@,N752SW
WN,N753@@,N753SW
WN,N754@@,N754SW
WN,N755@@,N755SA
WN,N756@@,N756SA
WN,N757@@,N757LV
WN,N758@@,N758SW
WN,N759@@,N759GS
WN,N760@@,N760SW
WN,N761@@,N761RR
WN,N762@@,N762SW
WN,N763@@,N763SW
WN,N764@@,N764SW
WN,N765@@,N765SW
WN,N766@@,N766SW
WN,N767@@,N767SW
WN,N768@@,N768SW
WN,N769@@,N769SW
WN,N770@@,N770SA
WN,N771@@,N771SA
WN,N772@@,N772SW
WN,N773@@,N773SA
WN,N774@@,N774SW
WN,N775@@,N775SW
WN,N776@@,N776WN
WN,N777@@,N777QC
WN,N778@@,N778SW
WN,N779@@,N779SW
WN,N780@@,N780SW
WN,N781@@,N781WN
WN,N782@@,N782SA
WN,N783@@,N783SW
WN,N784@@,N784SW
WN,N785@@,N785SW
WN,N786@@,N786SW
WN,N787@@,N787SA
WN,N788@@,N788SA
WN,N789@@,N789SW
WN,N790@@,N790SW
WN,N791@@,N791SW
WN,N792@@,N792SW
WN,N793@@,N793SA
WN,N794@@,N794SW
WN,N795@@,N795SW
WN,N796@@,N796SW
WN,N797@@,N797MX
WN,N798@@,N798SW
WN,N799@@,N799SW
WN,N80@@@,N80SW
WN,N81@@@,N81SW
WN,N82@@@,N82SW
WN,N83@@@,N83SW
WN,N85@@@,N85SW
WN,N86@@@,N86SW
WN,N89@@@,N89SW
WN,N90@@@,N90SW
WN,N91@@@,N91SW
WN,N92@@@,N92SW
WN,N93@@@,N93SW
WN,N94@@@,N94SW
WN,N95@@@,N95SW
WN,N96@@@,N96SW
